0084ff6d1a2e9e02b8eef901e3643ffa9dfe63fdb2a35d08d7ffd56c42567804,https://fetsorn.storage.yandexcloud.net/sha256/0084ff6d1a2e9e02b8eef901e3643ffa9dfe63fdb2a35d08d7ffd56c42567804.ogg
00dd0337276ebf3440d3dda1c017f5470755f557503704bc2c6e3cc024b71cda,https://fetsorn.storage.yandexcloud.net/sha256/00dd0337276ebf3440d3dda1c017f5470755f557503704bc2c6e3cc024b71cda.ogg
01e873fbbd79bb19abdb31e01fe924ac0c90f4472174d4119eb78244b85516cb,https://fetsorn.storage.yandexcloud.net/sha256/01e873fbbd79bb19abdb31e01fe924ac0c90f4472174d4119eb78244b85516cb.ogg
02803fd6cac1a8878ddc6c600da824b3e9cefed34320415fc7bd98adfbffac94,https://fetsorn.storage.yandexcloud.net/sha256/02803fd6cac1a8878ddc6c600da824b3e9cefed34320415fc7bd98adfbffac94.ogg
053c20569b46f84aa9cc322509ffef329ca7ef40e75c5ea76dc0670d58c5c0d4,https://fetsorn.storage.yandexcloud.net/sha256/053c20569b46f84aa9cc322509ffef329ca7ef40e75c5ea76dc0670d58c5c0d4.ogg
0578058470cd5135cd34c8705bd35ef50dca2becff55898c36c74f65773dbed5,https://fetsorn.storage.yandexcloud.net/sha256/0578058470cd5135cd34c8705bd35ef50dca2becff55898c36c74f65773dbed5.ogg
067d8de3b102bf44967794fee42d1b912c029ed1dcfaab1584775042ba4bed3f,https://fetsorn.storage.yandexcloud.net/sha256/067d8de3b102bf44967794fee42d1b912c029ed1dcfaab1584775042ba4bed3f.ogg
06c8bd75db1f5627a6617dc89694a5ce0e6ffd9927534be4c4681a3cab7cce35,https://fetsorn.storage.yandexcloud.net/sha256/06c8bd75db1f5627a6617dc89694a5ce0e6ffd9927534be4c4681a3cab7cce35.ogg
070a6bbce1cf027cd625789e05be42b0f81434923202b1dd77bf7f6cbef05018,https://fetsorn.storage.yandexcloud.net/sha256/070a6bbce1cf027cd625789e05be42b0f81434923202b1dd77bf7f6cbef05018.ogg
07c9423e60d0492763e85fd5c8f5c1fedac12c5855760bbcfdf32aaa05c61258,https://fetsorn.storage.yandexcloud.net/sha256/07c9423e60d0492763e85fd5c8f5c1fedac12c5855760bbcfdf32aaa05c61258.ogg
08ce0de5f893e93fe98a9120057b960cb391d99901a5f90ce75cde237d4c039f,https://fetsorn.storage.yandexcloud.net/sha256/08ce0de5f893e93fe98a9120057b960cb391d99901a5f90ce75cde237d4c039f.ogg
08ea23e3cc64fac2e47a2360c5a1fddcd488afc52b0a39c3be54981b3273aa9a,https://fetsorn.storage.yandexcloud.net/sha256/08ea23e3cc64fac2e47a2360c5a1fddcd488afc52b0a39c3be54981b3273aa9a.ogg
0b44fc2698bda9be40299eaaa78a18dd5b612577bd0319640de6d279d442a56c,https://fetsorn.storage.yandexcloud.net/sha256/0b44fc2698bda9be40299eaaa78a18dd5b612577bd0319640de6d279d442a56c.ogg
0b55d23b9deade5ed5ca31be3e0d9aeee23fbddd76da4df25b44e9a43a71bd78,https://fetsorn.storage.yandexcloud.net/sha256/0b55d23b9deade5ed5ca31be3e0d9aeee23fbddd76da4df25b44e9a43a71bd78.ogg
0b73cc7ef1ef242b69fae1f262caa8831a4ca19168551068577b29c362213c2f,https://fetsorn.storage.yandexcloud.net/sha256/0b73cc7ef1ef242b69fae1f262caa8831a4ca19168551068577b29c362213c2f.ogg
0c492d501bc3547421f262b42e3562da80871c78924f6a19dafc3e14eeb7d0b5,https://fetsorn.storage.yandexcloud.net/sha256/0c492d501bc3547421f262b42e3562da80871c78924f6a19dafc3e14eeb7d0b5.ogg
0c5100ccd1d93ed026164ac852ef91830345ced01a6e702f50aa930a2a0277ab,https://fetsorn.storage.yandexcloud.net/sha256/0c5100ccd1d93ed026164ac852ef91830345ced01a6e702f50aa930a2a0277ab.ogg
0d4f807747f2d4eb046aead7e42fc2fcba7be95956e66fcc2342814ce68e31d0,https://fetsorn.storage.yandexcloud.net/sha256/0d4f807747f2d4eb046aead7e42fc2fcba7be95956e66fcc2342814ce68e31d0.ogg
0de0a80953f134348ae3c42da70113241e6f4a43afc00cce3d1f6756ea667a30,https://fetsorn.storage.yandexcloud.net/sha256/0de0a80953f134348ae3c42da70113241e6f4a43afc00cce3d1f6756ea667a30.ogg
0e1ce372cd8e876eb0b8b72fb0eb35c99d13273938eece40e603416f9a9198eb,https://fetsorn.storage.yandexcloud.net/sha256/0e1ce372cd8e876eb0b8b72fb0eb35c99d13273938eece40e603416f9a9198eb.ogg
0f03b12e6f9799dff83fb0d0b720ff017d09572561edc884d22e333fe5e57c41,https://fetsorn.storage.yandexcloud.net/sha256/0f03b12e6f9799dff83fb0d0b720ff017d09572561edc884d22e333fe5e57c41.ogg
0f101beb09ed5f9251760f0cc88f2d708887702b768c98353961bedd43bbde8b,https://fetsorn.storage.yandexcloud.net/sha256/0f101beb09ed5f9251760f0cc88f2d708887702b768c98353961bedd43bbde8b.ogg
111e97ed225f8db606b11566ac9d77c7a9f4321835d5201e14f320463333cbeb,https://fetsorn.storage.yandexcloud.net/sha256/111e97ed225f8db606b11566ac9d77c7a9f4321835d5201e14f320463333cbeb.ogg
11ece8cf2b4e45631d5cf38ff5e480af09de0a97b914e01eacfdfe1ea42a19d1,https://fetsorn.storage.yandexcloud.net/sha256/11ece8cf2b4e45631d5cf38ff5e480af09de0a97b914e01eacfdfe1ea42a19d1.ogg
1291d4b2758c4c4e2a8a13657fbf7b031228d5bbb30f3344b2efdf5765ab3fc5,https://fetsorn.storage.yandexcloud.net/sha256/1291d4b2758c4c4e2a8a13657fbf7b031228d5bbb30f3344b2efdf5765ab3fc5.ogg
142abbf236ffd247ee09a2297961987fe8cb741c4ad66c12aa778b1345e407ac,https://fetsorn.storage.yandexcloud.net/sha256/142abbf236ffd247ee09a2297961987fe8cb741c4ad66c12aa778b1345e407ac.ogg
169be520878604f7bf6af75b63339ab6a8fedabee4e2ebb3794ff03a3bc2a789,https://fetsorn.storage.yandexcloud.net/sha256/169be520878604f7bf6af75b63339ab6a8fedabee4e2ebb3794ff03a3bc2a789.ogg
16dd1b5e092fe71240b792f1badda4d4ab1e9934deb3e2170dff754972c32b98,https://fetsorn.storage.yandexcloud.net/sha256/16dd1b5e092fe71240b792f1badda4d4ab1e9934deb3e2170dff754972c32b98.ogg
171736ae26f42ec48f32c13f7e1b838b362b25b8750a1f7dbd8550f34bc74960,https://media.githubusercontent.com/media/fetsorn/garden/refs/heads/main/lfs/171736ae26f42ec48f32c13f7e1b838b362b25b8750a1f7dbd8550f34bc74960.ogg
17961490147849c5d00bf352dbd5c30cafeb680986b73559c8ca2731e63a4d7a,https://fetsorn.storage.yandexcloud.net/sha256/17961490147849c5d00bf352dbd5c30cafeb680986b73559c8ca2731e63a4d7a.ogg
18268c12f980d253ba89ef65db941e119456cb9e56a0588649a67d3d6f2d9b24,https://fetsorn.storage.yandexcloud.net/sha256/18268c12f980d253ba89ef65db941e119456cb9e56a0588649a67d3d6f2d9b24.ogg
196e0dd641df32c2851027360e329f7f9629375ece612160ce60ffec4395f3a0,https://fetsorn.storage.yandexcloud.net/sha256/196e0dd641df32c2851027360e329f7f9629375ece612160ce60ffec4395f3a0.ogg
19ee799fcd8e6ac6a6c578d7e660648ed6513ce24e71385a50ed7f6e29b9a56e,https://fetsorn.storage.yandexcloud.net/sha256/19ee799fcd8e6ac6a6c578d7e660648ed6513ce24e71385a50ed7f6e29b9a56e.ogg
1abb15854a764d3e1432db6df9e8a7b84d9036efc9d87036e7775ecc503b2e85,https://fetsorn.storage.yandexcloud.net/sha256/1abb15854a764d3e1432db6df9e8a7b84d9036efc9d87036e7775ecc503b2e85.ogg
1ad4a57bfa04eb47a11a72b39492a6ff2033022c1a16ebc5169bcd6db0a40406,https://fetsorn.storage.yandexcloud.net/sha256/1ad4a57bfa04eb47a11a72b39492a6ff2033022c1a16ebc5169bcd6db0a40406.ogg
1d4705c476c4c8d08ff9954698ea89d8c543eed31c1c2fe7ec314b51f78b5b9e,https://fetsorn.storage.yandexcloud.net/sha256/1d4705c476c4c8d08ff9954698ea89d8c543eed31c1c2fe7ec314b51f78b5b9e.ogg
1f889feed06e06da49eb2dba5b50aced4fbbff4179e346e2b1381b9b664b2338,https://fetsorn.storage.yandexcloud.net/sha256/1f889feed06e06da49eb2dba5b50aced4fbbff4179e346e2b1381b9b664b2338.ogg
20d4a0b74ab2c6865c07713dd73da580cb6be7e72550a4a719564387ac7f3211,https://fetsorn.storage.yandexcloud.net/sha256/20d4a0b74ab2c6865c07713dd73da580cb6be7e72550a4a719564387ac7f3211.ogg
222e061b091d507c838fcad854f86b43edc0d1478a26128dbaaf2ee6cc0f6926,https://fetsorn.storage.yandexcloud.net/sha256/222e061b091d507c838fcad854f86b43edc0d1478a26128dbaaf2ee6cc0f6926.ogg
227b9ca7db2fb6e4e6a3bc5b774a0d9fe3a1ba55d2bd1f0267b0e2143868c744,https://fetsorn.storage.yandexcloud.net/sha256/227b9ca7db2fb6e4e6a3bc5b774a0d9fe3a1ba55d2bd1f0267b0e2143868c744.ogg
23db29b7ba7cdef2fa6f2258e41aa853ae5c8fdacbc38bd0ddfab581792d5ca2,https://fetsorn.storage.yandexcloud.net/sha256/23db29b7ba7cdef2fa6f2258e41aa853ae5c8fdacbc38bd0ddfab581792d5ca2.ogg
24fa223478955e8520f68168fa737decc23b7a7a1310569f8a1c06596b7c79c2,https://fetsorn.storage.yandexcloud.net/sha256/24fa223478955e8520f68168fa737decc23b7a7a1310569f8a1c06596b7c79c2.ogg
251576493ef40e28390d595862c2e1104c17a589f6a886f6eb66d5f81ec3b260,https://fetsorn.storage.yandexcloud.net/sha256/251576493ef40e28390d595862c2e1104c17a589f6a886f6eb66d5f81ec3b260.ogg
259359696b9db2bf7f6c810923bef6bed9c3486651961db33fecbc460505c665,https://fetsorn.storage.yandexcloud.net/sha256/259359696b9db2bf7f6c810923bef6bed9c3486651961db33fecbc460505c665.ogg
259e9578f00f68feb68216ab3c26e1973a8847a98c022783ad19ac9891545c2a,https://fetsorn.storage.yandexcloud.net/sha256/259e9578f00f68feb68216ab3c26e1973a8847a98c022783ad19ac9891545c2a.ogg
25d1ce6ea01733c267f0b59f89c3c137ffc844031b3ccd15755fd3107e5f7060,https://fetsorn.storage.yandexcloud.net/sha256/25d1ce6ea01733c267f0b59f89c3c137ffc844031b3ccd15755fd3107e5f7060.ogg
2661dc93d41b644ec94268ff48d520d5e0671d376c4fff9be4cec03aa10bebab,https://fetsorn.storage.yandexcloud.net/sha256/2661dc93d41b644ec94268ff48d520d5e0671d376c4fff9be4cec03aa10bebab.ogg
2790b0ddb14da9823f16b9d0d30fbf7b6c0513506fa82818b0e2a545d5833e1a,https://fetsorn.storage.yandexcloud.net/sha256/2790b0ddb14da9823f16b9d0d30fbf7b6c0513506fa82818b0e2a545d5833e1a.ogg
280fa5195291de20abb7fbefb807c2f4a5b23f541ef295d2aefc05d2f82623cf,https://fetsorn.storage.yandexcloud.net/sha256/280fa5195291de20abb7fbefb807c2f4a5b23f541ef295d2aefc05d2f82623cf.ogg
285e377e621e8e98a50e1eef55d8c3d89e1b1bec38b38363fa59910ac9d02664,https://fetsorn.storage.yandexcloud.net/sha256/285e377e621e8e98a50e1eef55d8c3d89e1b1bec38b38363fa59910ac9d02664.ogg
28a80bde51c36696ec8b41e95fafdc0b13fad9b5c5516e9f743d7921396c164a,https://fetsorn.storage.yandexcloud.net/sha256/28a80bde51c36696ec8b41e95fafdc0b13fad9b5c5516e9f743d7921396c164a.ogg
2aa86537f5340d6ff2ab33438d0f7b56ab98de7861336cf65aed99ab65e72368,https://fetsorn.storage.yandexcloud.net/sha256/2aa86537f5340d6ff2ab33438d0f7b56ab98de7861336cf65aed99ab65e72368.ogg
2b0f78ff38544c75272a7c0a6b6d1ece0fe4238bcb6101d6c3ded2e236484bb8,https://fetsorn.storage.yandexcloud.net/sha256/2b0f78ff38544c75272a7c0a6b6d1ece0fe4238bcb6101d6c3ded2e236484bb8.ogg
2cb6e18c580eff3aee36f42b65d21cf4ac64d0b657c1e03b0733c69bfdd831ac,https://fetsorn.storage.yandexcloud.net/sha256/2cb6e18c580eff3aee36f42b65d21cf4ac64d0b657c1e03b0733c69bfdd831ac.ogg
2ea0f2468785d9ea832e20306d9eb054af47cb3ecfe3cacd104ea296df2f69d7,https://fetsorn.storage.yandexcloud.net/sha256/2ea0f2468785d9ea832e20306d9eb054af47cb3ecfe3cacd104ea296df2f69d7.ogg
2ea4feb6ae719a780b82c42d59ccd252ebd67101828f58faffa022e3d10005c4,https://fetsorn.storage.yandexcloud.net/sha256/2ea4feb6ae719a780b82c42d59ccd252ebd67101828f58faffa022e3d10005c4.ogg
2eb4b0adee2004b233973e7af134fe9f1d489cb7393ffeafc58010444105925c,https://fetsorn.storage.yandexcloud.net/sha256/2eb4b0adee2004b233973e7af134fe9f1d489cb7393ffeafc58010444105925c.ogg
2f7e5e5180d8f2c79a898d78a3699cc068594b792d0de67d79ef70a204ee7c48,https://fetsorn.storage.yandexcloud.net/sha256/2f7e5e5180d8f2c79a898d78a3699cc068594b792d0de67d79ef70a204ee7c48.ogg
2ff88a4d1231659bed5e39d3aeb0ea1cd902658da9d83955f5f5300354127081,https://fetsorn.storage.yandexcloud.net/sha256/2ff88a4d1231659bed5e39d3aeb0ea1cd902658da9d83955f5f5300354127081.ogg
2ffc6768060435ec6b994ad588f88716a617f24086743116b470836fb75f29a7,https://fetsorn.storage.yandexcloud.net/sha256/2ffc6768060435ec6b994ad588f88716a617f24086743116b470836fb75f29a7.ogg
303ab530954f4fd4a7424de19cba1f4641524d07468694d2a299f13e72650c1f,https://fetsorn.storage.yandexcloud.net/sha256/303ab530954f4fd4a7424de19cba1f4641524d07468694d2a299f13e72650c1f.ogg
3122f3be47ca131f7a76a15768ccdc7d156e31d575f9bed86feefa219bdc009d,https://fetsorn.storage.yandexcloud.net/sha256/3122f3be47ca131f7a76a15768ccdc7d156e31d575f9bed86feefa219bdc009d.ogg
3240dd53245284923500e0a607769c9492a0e2c6496becb8b002417dfee13eeb,https://fetsorn.storage.yandexcloud.net/sha256/3240dd53245284923500e0a607769c9492a0e2c6496becb8b002417dfee13eeb.ogg
3249fee2c1ffd6baaf863794023e89a40b17fb46a16497a926d66a87dba673d1,https://fetsorn.storage.yandexcloud.net/sha256/3249fee2c1ffd6baaf863794023e89a40b17fb46a16497a926d66a87dba673d1.ogg
33bf5ee71acd586e4bf0de678f9816e1c8e6b8c6225a5942e79bfdd33f43160c,https://fetsorn.storage.yandexcloud.net/sha256/33bf5ee71acd586e4bf0de678f9816e1c8e6b8c6225a5942e79bfdd33f43160c.ogg
34522cb9ad4d417f3788a554fac9675ad58263f047b7cd6725fddde3ee4ebe68,https://fetsorn.storage.yandexcloud.net/sha256/34522cb9ad4d417f3788a554fac9675ad58263f047b7cd6725fddde3ee4ebe68.ogg
34e5337cef522890a65a3ba810b5eaa153321fc439273585f3d01ceb6c49617a,https://fetsorn.storage.yandexcloud.net/sha256/34e5337cef522890a65a3ba810b5eaa153321fc439273585f3d01ceb6c49617a.ogg
37200f6079e72725efcf991628516d71c4373923994d35e7eb22a2909e516558,https://fetsorn.storage.yandexcloud.net/sha256/37200f6079e72725efcf991628516d71c4373923994d35e7eb22a2909e516558.ogg
37bcd6297994d9f17a54c46d1607511e8c557606f1ae5ea713f0bb7c166a2bfe,https://fetsorn.storage.yandexcloud.net/sha256/37bcd6297994d9f17a54c46d1607511e8c557606f1ae5ea713f0bb7c166a2bfe.ogg
380e9d71c18a1312123abf16e14ed35a23959a69f11413ea40c72ecc42bcf87c,https://fetsorn.storage.yandexcloud.net/sha256/380e9d71c18a1312123abf16e14ed35a23959a69f11413ea40c72ecc42bcf87c.ogg
38a2969e95b6bd9adfdadec6d48986e10062fb59a1e0c39a208f5e7144e498af,https://fetsorn.storage.yandexcloud.net/sha256/38a2969e95b6bd9adfdadec6d48986e10062fb59a1e0c39a208f5e7144e498af.ogg
391d00fcba28f40eecf3e027afe760b675e10db87cc0fb54343f103879202973,https://fetsorn.storage.yandexcloud.net/sha256/391d00fcba28f40eecf3e027afe760b675e10db87cc0fb54343f103879202973.ogg
3940d5cdf8e4e9c7547ed14d7260986fb96d84f6f01422d5d042fa6c7aeac504,https://fetsorn.storage.yandexcloud.net/sha256/3940d5cdf8e4e9c7547ed14d7260986fb96d84f6f01422d5d042fa6c7aeac504.ogg
3952d6d4d58e134e235d9235ff216657d91c781578ee90b68c031f96617afa1c,https://fetsorn.storage.yandexcloud.net/sha256/3952d6d4d58e134e235d9235ff216657d91c781578ee90b68c031f96617afa1c.ogg
3a2008d1f0266dff3baa795c03a0806d680c3a84d565dccf46450a9dec21bc42,https://fetsorn.storage.yandexcloud.net/sha256/3a2008d1f0266dff3baa795c03a0806d680c3a84d565dccf46450a9dec21bc42.ogg
3c6ce9aaab8641c7f2540c3b910413b3e1dc81a82c301c2490a9286a6bea8d36,https://fetsorn.storage.yandexcloud.net/sha256/3c6ce9aaab8641c7f2540c3b910413b3e1dc81a82c301c2490a9286a6bea8d36.ogg
3d107bc27e9847164ca1bb07520e7db54b2cb33098872f5fd2df6b295a8bb1c2,https://fetsorn.storage.yandexcloud.net/sha256/3d107bc27e9847164ca1bb07520e7db54b2cb33098872f5fd2df6b295a8bb1c2.ogg
3dfe13dd7ef5d0644ef79a84ed2472ce13a7a777078eeb835419e900440836a8,https://fetsorn.storage.yandexcloud.net/sha256/3dfe13dd7ef5d0644ef79a84ed2472ce13a7a777078eeb835419e900440836a8.ogg
3e1f5b5a83fd3eb81c6573569976861de3c755c4de534b9de37b0708a6f607e2,https://fetsorn.storage.yandexcloud.net/sha256/3e1f5b5a83fd3eb81c6573569976861de3c755c4de534b9de37b0708a6f607e2.ogg
3eea8d8cde306c2ff98c3e450a6f30b517c1637b2780c0658028ca2d8c4eb6a2,https://fetsorn.storage.yandexcloud.net/sha256/3eea8d8cde306c2ff98c3e450a6f30b517c1637b2780c0658028ca2d8c4eb6a2.ogg
3f23ea21c1309b10bcb3d1199e5e40e2e78d3fa1cce612a615fc7f700b54ea99,https://fetsorn.storage.yandexcloud.net/sha256/3f23ea21c1309b10bcb3d1199e5e40e2e78d3fa1cce612a615fc7f700b54ea99.ogg
3f3b557f181a640caf5c2d1e973512ecdccee981795276bd74d0b091c756eddd,https://fetsorn.storage.yandexcloud.net/sha256/3f3b557f181a640caf5c2d1e973512ecdccee981795276bd74d0b091c756eddd.ogg
3fc52e31db9e30be96ee299e1ed83159a095dafe7660e0fa2046e5f2dce6a257,https://fetsorn.storage.yandexcloud.net/sha256/3fc52e31db9e30be96ee299e1ed83159a095dafe7660e0fa2046e5f2dce6a257.ogg
4016320c1d22ff5b43d1d79399396ed9cbef98707d39f3ece35b393ae738870e,https://fetsorn.storage.yandexcloud.net/sha256/4016320c1d22ff5b43d1d79399396ed9cbef98707d39f3ece35b393ae738870e.ogg
40efdc7f3f9c8c94e66237464158c06be5438eb21ed63ea387bdb9c10354bbbd,https://fetsorn.storage.yandexcloud.net/sha256/40efdc7f3f9c8c94e66237464158c06be5438eb21ed63ea387bdb9c10354bbbd.ogg
419bc5762789ef067f609b18817fe6808f4ac74032fb7e687a254aac0ede791e,https://fetsorn.storage.yandexcloud.net/sha256/419bc5762789ef067f609b18817fe6808f4ac74032fb7e687a254aac0ede791e.ogg
4452664a8ee8b90b6e7bb72c542405f73f247c2a310b158ec1eaf8b2d1a9535d,https://fetsorn.storage.yandexcloud.net/sha256/4452664a8ee8b90b6e7bb72c542405f73f247c2a310b158ec1eaf8b2d1a9535d.ogg
447bbe6f5bdd28ea6dfe2c48f4ca036f593c90c85bd050726acbee09a2381245,https://fetsorn.storage.yandexcloud.net/sha256/447bbe6f5bdd28ea6dfe2c48f4ca036f593c90c85bd050726acbee09a2381245.ogg
461926450a5423c02b4a0d6fcf90583f7caf93adc9437e8d6b683f7abdd377ef,https://fetsorn.storage.yandexcloud.net/sha256/461926450a5423c02b4a0d6fcf90583f7caf93adc9437e8d6b683f7abdd377ef.ogg
47dec9b10a6829e0c5e91d204c3a078203a7e4f77bc056e1953d7fc2d8254734,https://fetsorn.storage.yandexcloud.net/sha256/47dec9b10a6829e0c5e91d204c3a078203a7e4f77bc056e1953d7fc2d8254734.ogg
482817449fe86cce812c06a142ad0d6d2c4a8d7b06d5f328e5e45bce4a7d0a8e,https://fetsorn.storage.yandexcloud.net/sha256/482817449fe86cce812c06a142ad0d6d2c4a8d7b06d5f328e5e45bce4a7d0a8e.ogg
497cef8c07cc8ec8b4c92a2209c0d917aa8ede81823c75dfdaf23e29c09fd958,https://fetsorn.storage.yandexcloud.net/sha256/497cef8c07cc8ec8b4c92a2209c0d917aa8ede81823c75dfdaf23e29c09fd958.ogg
499a4d7dcc2ccded58ad99e8db2ef3235af1fd1cece3a9b1baeeac8407a575d9,https://fetsorn.storage.yandexcloud.net/sha256/499a4d7dcc2ccded58ad99e8db2ef3235af1fd1cece3a9b1baeeac8407a575d9.ogg
4a71a51d200b2b9cc374ba813b42845d4fe8174205bab12f7f6ef41aeee208a9,https://fetsorn.storage.yandexcloud.net/sha256/4a71a51d200b2b9cc374ba813b42845d4fe8174205bab12f7f6ef41aeee208a9.ogg
4b61846baac6c3f7ca3ff26cd5bb01939f6bdba32d956bcd0db3e91378ecb06f,https://fetsorn.storage.yandexcloud.net/sha256/4b61846baac6c3f7ca3ff26cd5bb01939f6bdba32d956bcd0db3e91378ecb06f.ogg
4b7d40cb846ced1ca9615e8593e12987bbf1c432e0b22826fa614c7370644bee,https://fetsorn.storage.yandexcloud.net/sha256/4b7d40cb846ced1ca9615e8593e12987bbf1c432e0b22826fa614c7370644bee.ogg
4c5cc04a91933500f058b81da891943c97e5c6bc00f47dcbb82c2122d9c8ffa1,https://fetsorn.storage.yandexcloud.net/sha256/4c5cc04a91933500f058b81da891943c97e5c6bc00f47dcbb82c2122d9c8ffa1.ogg
4c610c4f6130c793271c844e615d19e10a88ff4b5b3c21ba0d0af376f81fbb54,https://fetsorn.storage.yandexcloud.net/sha256/4c610c4f6130c793271c844e615d19e10a88ff4b5b3c21ba0d0af376f81fbb54.ogg
4cc9efb021b8e1a46a2e6f3d347a2bdf47b5d534a3382e28d7dd226c6385820e,https://fetsorn.storage.yandexcloud.net/sha256/4cc9efb021b8e1a46a2e6f3d347a2bdf47b5d534a3382e28d7dd226c6385820e.ogg
4d2dd68abae6b66f9f147f19f4812050f147bdc62d2730c43f049eca0bb29877,https://fetsorn.storage.yandexcloud.net/sha256/4d2dd68abae6b66f9f147f19f4812050f147bdc62d2730c43f049eca0bb29877.ogg
4d405f825e71c299b7de99f0c36c990df425e2ad8eae1054e8c1076739968915,https://fetsorn.storage.yandexcloud.net/sha256/4d405f825e71c299b7de99f0c36c990df425e2ad8eae1054e8c1076739968915.ogg
4ed376a504a9f7db9977732b2c8eef301909dbfbf23dc6641b115b213a7e87b6,https://fetsorn.storage.yandexcloud.net/sha256/4ed376a504a9f7db9977732b2c8eef301909dbfbf23dc6641b115b213a7e87b6.ogg
4f5a1c82894dcddf80ce1cfc9cb783667eb8fba93fb40a9b9b931c438edb69fe,https://fetsorn.storage.yandexcloud.net/sha256/4f5a1c82894dcddf80ce1cfc9cb783667eb8fba93fb40a9b9b931c438edb69fe.ogg
4f88f351ca755ebd7b6a23ae9bcce4976bfc55d2d1c28b839fc0652e43b35547,https://fetsorn.storage.yandexcloud.net/sha256/4f88f351ca755ebd7b6a23ae9bcce4976bfc55d2d1c28b839fc0652e43b35547.ogg
4fb5c2062f9e988ee24b52c3fde4baaf1cf4fedeb022cfd9939328804c6f2272,https://fetsorn.storage.yandexcloud.net/sha256/4fb5c2062f9e988ee24b52c3fde4baaf1cf4fedeb022cfd9939328804c6f2272.ogg
5070e0441eebf1108a68b02301189bc3ad919e5b8f9415018874b1ada033ce7b,https://fetsorn.storage.yandexcloud.net/sha256/5070e0441eebf1108a68b02301189bc3ad919e5b8f9415018874b1ada033ce7b.ogg
51ed69d189f7603a1b695cee59859e5ab69ca9d1231e7346545346e264638681,https://fetsorn.storage.yandexcloud.net/sha256/51ed69d189f7603a1b695cee59859e5ab69ca9d1231e7346545346e264638681.ogg
5368900483a9a9d9a877b3b641fa0aa34ea85db5ff8e0501ed0a617bbea24bb5,https://fetsorn.storage.yandexcloud.net/sha256/5368900483a9a9d9a877b3b641fa0aa34ea85db5ff8e0501ed0a617bbea24bb5.ogg
53fb1bfec59dd0b6c9e611284df2fd2ba08e9421ddf6b8b87ff6448a57b5d02a,https://fetsorn.storage.yandexcloud.net/sha256/53fb1bfec59dd0b6c9e611284df2fd2ba08e9421ddf6b8b87ff6448a57b5d02a.ogg
54df21baa5df8ea057f69239207b0e8857ae5488a45c916f8f61fd2f77b0a2ed,https://fetsorn.storage.yandexcloud.net/sha256/54df21baa5df8ea057f69239207b0e8857ae5488a45c916f8f61fd2f77b0a2ed.ogg
55083dc49995ed721add05a4b4861d6ce1bc45380c851a45f7166693f1ecc6da,https://fetsorn.storage.yandexcloud.net/sha256/55083dc49995ed721add05a4b4861d6ce1bc45380c851a45f7166693f1ecc6da.ogg
55d868f48f50742b07aaaf116d5693cd22ad8465316c47984bbf55170ffbffc3,https://fetsorn.storage.yandexcloud.net/sha256/55d868f48f50742b07aaaf116d5693cd22ad8465316c47984bbf55170ffbffc3.ogg
55e7f9a10aecda9be90a561a2bc57adce37d4e8bbbccda4070c5c5412f5676be,https://fetsorn.storage.yandexcloud.net/sha256/55e7f9a10aecda9be90a561a2bc57adce37d4e8bbbccda4070c5c5412f5676be.ogg
55e9d3d622b3c54a3dfe62a303b9fe5e1ba263eabb5396c034e62b657b498b3a,https://fetsorn.storage.yandexcloud.net/sha256/55e9d3d622b3c54a3dfe62a303b9fe5e1ba263eabb5396c034e62b657b498b3a.ogg
56945f51c259e4fde1847903bc3c6ae41bbce280cb94f8a5bab976daf9b9615a,https://fetsorn.storage.yandexcloud.net/sha256/56945f51c259e4fde1847903bc3c6ae41bbce280cb94f8a5bab976daf9b9615a.ogg
56c9a27ff60b74c3274c0bf6dac8832429125be1b074c2d7fa8d04c029424586,https://fetsorn.storage.yandexcloud.net/sha256/56c9a27ff60b74c3274c0bf6dac8832429125be1b074c2d7fa8d04c029424586.ogg
5706004a31ad4c6dab8b27e622dee54a4cc270dae8905c545fa4486b72ca5d27,https://fetsorn.storage.yandexcloud.net/sha256/5706004a31ad4c6dab8b27e622dee54a4cc270dae8905c545fa4486b72ca5d27.ogg
58871d2a2eedbe3c3e3ea6dc8756b18cfe95ee63728ffdf2d0942d2112284e35,https://fetsorn.storage.yandexcloud.net/sha256/58871d2a2eedbe3c3e3ea6dc8756b18cfe95ee63728ffdf2d0942d2112284e35.ogg
58c8e2a1082d0b9c195b76e2f06a9bbcfca0563138506898d88153263fdb4872,https://fetsorn.storage.yandexcloud.net/sha256/58c8e2a1082d0b9c195b76e2f06a9bbcfca0563138506898d88153263fdb4872.ogg
5abe2eb99a2b3b4c91d29322e19075c9f0da199a385efa9f45040215e7fde2b3,https://fetsorn.storage.yandexcloud.net/sha256/5abe2eb99a2b3b4c91d29322e19075c9f0da199a385efa9f45040215e7fde2b3.ogg
5b5703732a907456de8364aa80d482ef773d50912e2a594910083bf86ebc9d74,https://fetsorn.storage.yandexcloud.net/sha256/5b5703732a907456de8364aa80d482ef773d50912e2a594910083bf86ebc9d74.ogg
5b68f0e7f622fea87d89bf672ac061fc206b0108c81ce79b42f5503e14c0eeef,https://fetsorn.storage.yandexcloud.net/sha256/5b68f0e7f622fea87d89bf672ac061fc206b0108c81ce79b42f5503e14c0eeef.ogg
5b796e8912ef1d8125664aa4212acb4a16aa543e92bf82ba296e6d2778b95d3a,https://fetsorn.storage.yandexcloud.net/sha256/5b796e8912ef1d8125664aa4212acb4a16aa543e92bf82ba296e6d2778b95d3a.ogg
5d4f4222ebbb04ff65185d81c60c12e10556f48c037e571550d0c1b3edc9b5b8,https://fetsorn.storage.yandexcloud.net/sha256/5d4f4222ebbb04ff65185d81c60c12e10556f48c037e571550d0c1b3edc9b5b8.ogg
5d956a8c85e4315fecd7770e35e3941c9eb2bb7d69ffc9e2acad861c34a1bfce,https://fetsorn.storage.yandexcloud.net/sha256/5d956a8c85e4315fecd7770e35e3941c9eb2bb7d69ffc9e2acad861c34a1bfce.ogg
5dd2c885f19a2303631d01bd4ab66f4a84bb3ab141c2973f9ea19eb508d4e2a7,https://fetsorn.storage.yandexcloud.net/sha256/5dd2c885f19a2303631d01bd4ab66f4a84bb3ab141c2973f9ea19eb508d4e2a7.ogg
5e85ef8de2a2daf064208a0fae445e036300be497622e28ad532dcd2b596d48f,https://fetsorn.storage.yandexcloud.net/sha256/5e85ef8de2a2daf064208a0fae445e036300be497622e28ad532dcd2b596d48f.ogg
5edf95d8440922d9fbbe82d00d3b5655cf32cf378d9c186e4d377e7d0bcc33bf,https://fetsorn.storage.yandexcloud.net/sha256/5edf95d8440922d9fbbe82d00d3b5655cf32cf378d9c186e4d377e7d0bcc33bf.ogg
5f4cb45c98b9b6a5b5a98decb1ba76bd96b6aaeb051422df2e0a4511bfe05e97,https://fetsorn.storage.yandexcloud.net/sha256/5f4cb45c98b9b6a5b5a98decb1ba76bd96b6aaeb051422df2e0a4511bfe05e97.ogg
5fcffc6ef52592a7005fc14c948ce71d60420fbf1ce8fe70422db6684cad6e7f,https://fetsorn.storage.yandexcloud.net/sha256/5fcffc6ef52592a7005fc14c948ce71d60420fbf1ce8fe70422db6684cad6e7f.ogg
6074de60e495379cae45658f5f8bdc88fa91772a34fea3da79dc850a6cb2e327,https://fetsorn.storage.yandexcloud.net/sha256/6074de60e495379cae45658f5f8bdc88fa91772a34fea3da79dc850a6cb2e327.ogg
62b0c7f389421813183acfef6b61eb8e2e2de85a51a43387282c924fc3c3d1ff,https://fetsorn.storage.yandexcloud.net/sha256/62b0c7f389421813183acfef6b61eb8e2e2de85a51a43387282c924fc3c3d1ff.ogg
63cdebc16f681383466377d77436c8097da6fcdfbe7519db4adbca53d9295433,https://fetsorn.storage.yandexcloud.net/sha256/63cdebc16f681383466377d77436c8097da6fcdfbe7519db4adbca53d9295433.ogg
640061b46c088cce1b52a46b9d578c1837b72c75a98b9b1b8b107924771e1f3e,https://fetsorn.storage.yandexcloud.net/sha256/640061b46c088cce1b52a46b9d578c1837b72c75a98b9b1b8b107924771e1f3e.ogg
6654b08eede515d9bd30673d66830f4f3967990cfbe817e40ed853febd99858b,https://fetsorn.storage.yandexcloud.net/sha256/6654b08eede515d9bd30673d66830f4f3967990cfbe817e40ed853febd99858b.ogg
6825ac714d24bd5dc1862a40d58d676659a83e98198a981ca0a8e0365ad77f8b,https://fetsorn.storage.yandexcloud.net/sha256/6825ac714d24bd5dc1862a40d58d676659a83e98198a981ca0a8e0365ad77f8b.ogg
6847fb4f45d35b87b88687d5bfdea3faa2a58fd8bb04bc7177a1812af5afcb18,https://fetsorn.storage.yandexcloud.net/sha256/6847fb4f45d35b87b88687d5bfdea3faa2a58fd8bb04bc7177a1812af5afcb18.ogg
690c5ebb1f7391fe4f3878c57d1dfc6e38940ab7d6c231c0e41537e9b56c1fc2,https://fetsorn.storage.yandexcloud.net/sha256/690c5ebb1f7391fe4f3878c57d1dfc6e38940ab7d6c231c0e41537e9b56c1fc2.ogg
6aaf6998e22a23811a897155ea6575948cb8745fe379bf54b43f334e02af86ef,https://fetsorn.storage.yandexcloud.net/sha256/6aaf6998e22a23811a897155ea6575948cb8745fe379bf54b43f334e02af86ef.ogg
6ba1f45d82343881e73220f5fa3c4228427ea1d5b6e9e19ac0d5c92296bf8dce,https://fetsorn.storage.yandexcloud.net/sha256/6ba1f45d82343881e73220f5fa3c4228427ea1d5b6e9e19ac0d5c92296bf8dce.ogg
6c8131352a808021b787bb39197147000a1bb6ac9c4d0be7220dd3791b1c3286,https://fetsorn.storage.yandexcloud.net/sha256/6c8131352a808021b787bb39197147000a1bb6ac9c4d0be7220dd3791b1c3286.ogg
6d3004835571ce62d0d48c480bec12f958ec26c1a2c2aa1b8362261e9bf2b782,https://fetsorn.storage.yandexcloud.net/sha256/6d3004835571ce62d0d48c480bec12f958ec26c1a2c2aa1b8362261e9bf2b782.ogg
6db7d4b34b78d50fd5d02335b3fadc5dc82b2c62d5fc2a7ed2a9e82f06d33ab7,https://fetsorn.storage.yandexcloud.net/sha256/6db7d4b34b78d50fd5d02335b3fadc5dc82b2c62d5fc2a7ed2a9e82f06d33ab7.ogg
6e276d164d124117302fe165bf07bf9f7de494311574e40416cf3dea9a7f10ab,https://fetsorn.storage.yandexcloud.net/sha256/6e276d164d124117302fe165bf07bf9f7de494311574e40416cf3dea9a7f10ab.ogg
70ba269c7771924f2b461bfb9a7a79b7cc202f25effa076a53602632cec255aa,https://fetsorn.storage.yandexcloud.net/sha256/70ba269c7771924f2b461bfb9a7a79b7cc202f25effa076a53602632cec255aa.ogg
7180033dbfa25982678ab639ca3b4a32970de27840527a7fcdc47bb161236a33,https://fetsorn.storage.yandexcloud.net/sha256/7180033dbfa25982678ab639ca3b4a32970de27840527a7fcdc47bb161236a33.ogg
72d1216006e7fd596c157b922cc93d12a7b7854c8aadf9b0b84324ed95ca9ed7,https://fetsorn.storage.yandexcloud.net/sha256/72d1216006e7fd596c157b922cc93d12a7b7854c8aadf9b0b84324ed95ca9ed7.ogg
72d51e5bd5734abcc29d4eb41d901e5b7976165d4d0c76f060dbd988a1b9a27b,https://fetsorn.storage.yandexcloud.net/sha256/72d51e5bd5734abcc29d4eb41d901e5b7976165d4d0c76f060dbd988a1b9a27b.ogg
74940421533024f4c573a29dbd3ebe8b35e377802b1007121798a2db013a8bf6,https://fetsorn.storage.yandexcloud.net/sha256/74940421533024f4c573a29dbd3ebe8b35e377802b1007121798a2db013a8bf6.ogg
74a33bd8dd8c5fb6cad3055a779b12e4be771f12ba1e8ddff6584ad96334af88,https://fetsorn.storage.yandexcloud.net/sha256/74a33bd8dd8c5fb6cad3055a779b12e4be771f12ba1e8ddff6584ad96334af88.ogg
74db3a96c6b60db4f1ee9eb834f022bf898f48b6c72d35366a8bf74ca32eb162,https://fetsorn.storage.yandexcloud.net/sha256/74db3a96c6b60db4f1ee9eb834f022bf898f48b6c72d35366a8bf74ca32eb162.ogg
74f5950e27b785644282d8b9bf5c949330034a8a0ab68981c3c6255712594808,https://fetsorn.storage.yandexcloud.net/sha256/74f5950e27b785644282d8b9bf5c949330034a8a0ab68981c3c6255712594808.ogg
759f81b28b9409e507666c35bee1668817395fe92a5da292b1cc69d682d754ce,https://fetsorn.storage.yandexcloud.net/sha256/759f81b28b9409e507666c35bee1668817395fe92a5da292b1cc69d682d754ce.ogg
76ffde3e17d3220f4e12c16b8ef2e28a76f39b9bb082dee826e22c0d356e0c38,https://fetsorn.storage.yandexcloud.net/sha256/76ffde3e17d3220f4e12c16b8ef2e28a76f39b9bb082dee826e22c0d356e0c38.ogg
78a0c9ca9db21df45ed006817031a40f6e6c757bb52ba9a9929fc36cc0df3ad6,https://fetsorn.storage.yandexcloud.net/sha256/78a0c9ca9db21df45ed006817031a40f6e6c757bb52ba9a9929fc36cc0df3ad6.ogg
797938471f64689bf38f6025ceb760ec632014e8e30c4638cba567bdf2894e60,https://fetsorn.storage.yandexcloud.net/sha256/797938471f64689bf38f6025ceb760ec632014e8e30c4638cba567bdf2894e60.ogg
798eda31e3c133f9e485c7c8e3c5de8f9f08b41c046bcbda2ad621327ea13aa6,https://fetsorn.storage.yandexcloud.net/sha256/798eda31e3c133f9e485c7c8e3c5de8f9f08b41c046bcbda2ad621327ea13aa6.ogg
7a2a28a928b491c95a7f83d666995764f1e50181223fdcd44f08c0b780483ee7,https://fetsorn.storage.yandexcloud.net/sha256/7a2a28a928b491c95a7f83d666995764f1e50181223fdcd44f08c0b780483ee7.ogg
7b00fd14805fe4118f0d77646f172c1013f207f4762a2e1c68bbcb2abf41fa59,https://fetsorn.storage.yandexcloud.net/sha256/7b00fd14805fe4118f0d77646f172c1013f207f4762a2e1c68bbcb2abf41fa59.ogg
7c96affd8786993ca19439e12405a2c006d73a4219751a83366197aea7f5523f,https://fetsorn.storage.yandexcloud.net/sha256/7c96affd8786993ca19439e12405a2c006d73a4219751a83366197aea7f5523f.ogg
802177e2ed7a61539f57f53a9a316f581cb3a5c81fa50740a800403952a57391,https://fetsorn.storage.yandexcloud.net/sha256/802177e2ed7a61539f57f53a9a316f581cb3a5c81fa50740a800403952a57391.ogg
8401848b12a88eadc5d25ce95ccbc522823a81c7d76ebd9c4fb351a1f42cd7fa,https://fetsorn.storage.yandexcloud.net/sha256/8401848b12a88eadc5d25ce95ccbc522823a81c7d76ebd9c4fb351a1f42cd7fa.ogg
842139047e8350bf62aa12ad828f768c4f683b973ce8a7611a851a3c6763b281,https://fetsorn.storage.yandexcloud.net/sha256/842139047e8350bf62aa12ad828f768c4f683b973ce8a7611a851a3c6763b281.ogg
843b572d2f6141cc9300c89d6b35daa17529d13fe3192442c6302534c4784f5f,https://fetsorn.storage.yandexcloud.net/sha256/843b572d2f6141cc9300c89d6b35daa17529d13fe3192442c6302534c4784f5f.ogg
8523be78f0c527fb6d1043326cb9692263628cb21d5351f0bcd23c495e2f1868,https://fetsorn.storage.yandexcloud.net/sha256/8523be78f0c527fb6d1043326cb9692263628cb21d5351f0bcd23c495e2f1868.ogg
855b588f4d2a8ea99ba83c3eeeb7b4531be9f5f6086f84c45713c30c6d900c70,https://fetsorn.storage.yandexcloud.net/sha256/855b588f4d2a8ea99ba83c3eeeb7b4531be9f5f6086f84c45713c30c6d900c70.ogg
863eddfdaf014d0b3c79c9d372d4a9df69b7e1e07e863a954280bb69a83c2327,https://fetsorn.storage.yandexcloud.net/sha256/863eddfdaf014d0b3c79c9d372d4a9df69b7e1e07e863a954280bb69a83c2327.ogg
8685be85871000c441ad1e7fc94198b7ba6eae06434a23c50e192569a4d92a1b,https://fetsorn.storage.yandexcloud.net/sha256/8685be85871000c441ad1e7fc94198b7ba6eae06434a23c50e192569a4d92a1b.ogg
8694ffa51ff349b2db5d7561695a53e5ff96bab6e3190d515a613c98bc82bbf5,https://fetsorn.storage.yandexcloud.net/sha256/8694ffa51ff349b2db5d7561695a53e5ff96bab6e3190d515a613c98bc82bbf5.ogg
8789bc592b73714ce968a33dc3db027e1af86f2f87204c8f94c1b36bfed67133,https://fetsorn.storage.yandexcloud.net/sha256/8789bc592b73714ce968a33dc3db027e1af86f2f87204c8f94c1b36bfed67133.ogg
881c9ce4e74c9baaf3ffde65bbb9f7af8b13f1aafcef63042e7cab5aa2b8acef,https://fetsorn.storage.yandexcloud.net/sha256/881c9ce4e74c9baaf3ffde65bbb9f7af8b13f1aafcef63042e7cab5aa2b8acef.ogg
8d6d2f1a3b6ea4d7c191108acaea82d285554200c2b4fc7831273b8ff32d5054,https://fetsorn.storage.yandexcloud.net/sha256/8d6d2f1a3b6ea4d7c191108acaea82d285554200c2b4fc7831273b8ff32d5054.ogg
8d85697c2d0bcd0f48382934c2c576e38552fe8d8ef7e00660c2042541ec58c9,https://fetsorn.storage.yandexcloud.net/sha256/8d85697c2d0bcd0f48382934c2c576e38552fe8d8ef7e00660c2042541ec58c9.ogg
8d9b6501060a271b92cc1b2c2f5c5a9d599ac2ad0d98f79cff4e81c3ad21257f,https://fetsorn.storage.yandexcloud.net/sha256/8d9b6501060a271b92cc1b2c2f5c5a9d599ac2ad0d98f79cff4e81c3ad21257f.ogg
8ec6b7f37b2310769753a16c445bd7f0e52783c2c5006910c50cbf1e580a9a7a,https://fetsorn.storage.yandexcloud.net/sha256/8ec6b7f37b2310769753a16c445bd7f0e52783c2c5006910c50cbf1e580a9a7a.ogg
8f9a17416b96726dc9205e8eefbef0908f62a38b2ded67629e2b1a9099675941,https://fetsorn.storage.yandexcloud.net/sha256/8f9a17416b96726dc9205e8eefbef0908f62a38b2ded67629e2b1a9099675941.ogg
8feab0072f3b3a759e5bda9cbd930df9002062fe10a68cac534b726c7efedaba,https://fetsorn.storage.yandexcloud.net/sha256/8feab0072f3b3a759e5bda9cbd930df9002062fe10a68cac534b726c7efedaba.ogg
90be87595d7d993f46411e5902f686402574792851293c85ee6a7f691acc1083,https://fetsorn.storage.yandexcloud.net/sha256/90be87595d7d993f46411e5902f686402574792851293c85ee6a7f691acc1083.ogg
9143643b17271abc950beed2e4db434727d9bbdf1c06af7572a3ffed6674a109,https://fetsorn.storage.yandexcloud.net/sha256/9143643b17271abc950beed2e4db434727d9bbdf1c06af7572a3ffed6674a109.ogg
92b6d5cf01c0a970c3cbea905c0cac07d6b43ae0f44f32dc7decf007cf2168b9,https://fetsorn.storage.yandexcloud.net/sha256/92b6d5cf01c0a970c3cbea905c0cac07d6b43ae0f44f32dc7decf007cf2168b9.ogg
92e4ead0980c3132e88265d8ae33a1f8e35736f750c818c78ecdc68fd80db49c,https://fetsorn.storage.yandexcloud.net/sha256/92e4ead0980c3132e88265d8ae33a1f8e35736f750c818c78ecdc68fd80db49c.ogg
92f24a7c65568fc1263521c92e8cf1936e80ba06d3450c21c7c0c2e541c371d3,https://fetsorn.storage.yandexcloud.net/sha256/92f24a7c65568fc1263521c92e8cf1936e80ba06d3450c21c7c0c2e541c371d3.ogg
93ccd2fb4093be80fca138166088729f10d84c7eb5062f4f570e48115cba7f84,https://fetsorn.storage.yandexcloud.net/sha256/93ccd2fb4093be80fca138166088729f10d84c7eb5062f4f570e48115cba7f84.ogg
9400340f7abf2c6f26893bff77be67d129c39bec7c17d8fe38b66c0c0abec481,https://fetsorn.storage.yandexcloud.net/sha256/9400340f7abf2c6f26893bff77be67d129c39bec7c17d8fe38b66c0c0abec481.ogg
94d0d50b0714b963f1a24f5d42bbed858af0658f4335a947ad39016259e47143,https://fetsorn.storage.yandexcloud.net/sha256/94d0d50b0714b963f1a24f5d42bbed858af0658f4335a947ad39016259e47143.ogg
94fcc417b617a5d60c4b3ef4f491c1942b391f04509cfeda962184fdb67bd34b,https://fetsorn.storage.yandexcloud.net/sha256/94fcc417b617a5d60c4b3ef4f491c1942b391f04509cfeda962184fdb67bd34b.ogg
959ee9920c61daac0d9b07358d7f66c4ef4d37e86ff76a0c2f28b57839668a17,https://fetsorn.storage.yandexcloud.net/sha256/959ee9920c61daac0d9b07358d7f66c4ef4d37e86ff76a0c2f28b57839668a17.ogg
95d1f5b3a60c909291704df5f17314944a9df7bb09aaacc505f6912705f3f76c,https://fetsorn.storage.yandexcloud.net/sha256/95d1f5b3a60c909291704df5f17314944a9df7bb09aaacc505f6912705f3f76c.ogg
978b80c87aebb6a8698701db12da90828d31510a201bf94f10afcff6ebf615e6,https://fetsorn.storage.yandexcloud.net/sha256/978b80c87aebb6a8698701db12da90828d31510a201bf94f10afcff6ebf615e6.ogg
97e117f6a84d765dd2ba9b5940bed55a81a5b059d3f7e37ca15ced7348d82c31,https://fetsorn.storage.yandexcloud.net/sha256/97e117f6a84d765dd2ba9b5940bed55a81a5b059d3f7e37ca15ced7348d82c31.ogg
98c8c3c572c71b85f0a83eaa15406e4c4f3fa38ae39d085dcba08c4831935927,https://fetsorn.storage.yandexcloud.net/sha256/98c8c3c572c71b85f0a83eaa15406e4c4f3fa38ae39d085dcba08c4831935927.ogg
9a679f1e07bb866445c9670bc74f283c4073c4ba597a7424f8ad6a5252af5f93,https://fetsorn.storage.yandexcloud.net/sha256/9a679f1e07bb866445c9670bc74f283c4073c4ba597a7424f8ad6a5252af5f93.ogg
9acc0895c06885ee4e47a30e232caff66bbde092e455a4d862a4273c84f62d9b,https://fetsorn.storage.yandexcloud.net/sha256/9acc0895c06885ee4e47a30e232caff66bbde092e455a4d862a4273c84f62d9b.ogg
9b7a73901235b84359c1968440a51b4e58028a47a434474d24a13f1f48a350b5,https://fetsorn.storage.yandexcloud.net/sha256/9b7a73901235b84359c1968440a51b4e58028a47a434474d24a13f1f48a350b5.ogg
9c8716c091f08ac3130620b9356819e9250acb5dfead949b93ed49a2820c2f57,https://fetsorn.storage.yandexcloud.net/sha256/9c8716c091f08ac3130620b9356819e9250acb5dfead949b93ed49a2820c2f57.ogg
9ecfb2c1b0ac014b0a674ee9020adfdea224938e0dc9aa83a8ddc2826eb86d83,https://fetsorn.storage.yandexcloud.net/sha256/9ecfb2c1b0ac014b0a674ee9020adfdea224938e0dc9aa83a8ddc2826eb86d83.ogg
9f9d4b9c7e92424c9999afcb68dfb3f697afa7a2a3690a2e433b13ee8c796a66,https://fetsorn.storage.yandexcloud.net/sha256/9f9d4b9c7e92424c9999afcb68dfb3f697afa7a2a3690a2e433b13ee8c796a66.ogg
9fa33abdaa2688cbd72be38d9f5b6d765a3ada3b151af9f9cf4ac856c13fd53f,https://fetsorn.storage.yandexcloud.net/sha256/9fa33abdaa2688cbd72be38d9f5b6d765a3ada3b151af9f9cf4ac856c13fd53f.ogg
9fde709adbe556a0eef6987a58f68ec4c5c7a25c2e0b20d551063fd6cf0b5c48,https://fetsorn.storage.yandexcloud.net/sha256/9fde709adbe556a0eef6987a58f68ec4c5c7a25c2e0b20d551063fd6cf0b5c48.ogg
a207ad878d2bd41dfec6acb1e5a57669a21a5ce934d7e0e7315637d7150c7f55,https://fetsorn.storage.yandexcloud.net/sha256/a207ad878d2bd41dfec6acb1e5a57669a21a5ce934d7e0e7315637d7150c7f55.ogg
a3066b9d758696499880bab46c0a33d28c2fc69d124316389732766c1fc2aef6,https://fetsorn.storage.yandexcloud.net/sha256/a3066b9d758696499880bab46c0a33d28c2fc69d124316389732766c1fc2aef6.ogg
a54b1c75b63e7b5ded5b8c4acf18cb15fbbabddc59ac3bec1fa3cc3a8bbe9a83,https://fetsorn.storage.yandexcloud.net/sha256/a54b1c75b63e7b5ded5b8c4acf18cb15fbbabddc59ac3bec1fa3cc3a8bbe9a83.ogg
a62274d998bdf2ce6e6fe8458ec323a3f4985b060f9c501c9fb359ab8b6ede10,https://fetsorn.storage.yandexcloud.net/sha256/a62274d998bdf2ce6e6fe8458ec323a3f4985b060f9c501c9fb359ab8b6ede10.ogg
a632e2ed06300b0dbc0089c43262d23375a5451cba702d9ed598bf45b788ab47,https://fetsorn.storage.yandexcloud.net/sha256/a632e2ed06300b0dbc0089c43262d23375a5451cba702d9ed598bf45b788ab47.ogg
a66f37f52edd9c59a2334054131b4e03e96cd10674f8e27fa52a9595779087cc,https://fetsorn.storage.yandexcloud.net/sha256/a66f37f52edd9c59a2334054131b4e03e96cd10674f8e27fa52a9595779087cc.ogg
a6fdf8b412a4e436029a7f030c7722fe6cc6fb3f0c826099dc065c93b70148a1,https://fetsorn.storage.yandexcloud.net/sha256/a6fdf8b412a4e436029a7f030c7722fe6cc6fb3f0c826099dc065c93b70148a1.ogg
a6ff7182b3dd5e39d46b161483da7ea8bd92dcbb740f348549090faa48d4fc44,https://fetsorn.storage.yandexcloud.net/sha256/a6ff7182b3dd5e39d46b161483da7ea8bd92dcbb740f348549090faa48d4fc44.ogg
a7cbc5aef5152e295191b766ad56d8981d2cdb6c9c6e3baa6f11a6581550f80f,https://fetsorn.storage.yandexcloud.net/sha256/a7cbc5aef5152e295191b766ad56d8981d2cdb6c9c6e3baa6f11a6581550f80f.ogg
a8acfeacb35b7a9f5f880ce82e987199f228065572938f9c9417b40cc7c900ff,https://fetsorn.storage.yandexcloud.net/sha256/a8acfeacb35b7a9f5f880ce82e987199f228065572938f9c9417b40cc7c900ff.ogg
a9ec623cbfa631a58512a6af929846f29a53a2796453cbdc98bf34f43ba739c0,https://fetsorn.storage.yandexcloud.net/sha256/a9ec623cbfa631a58512a6af929846f29a53a2796453cbdc98bf34f43ba739c0.ogg
ac9f9cae4e0664dfb186c85a7b936920b8dec296193febccdf2f40932779c3e2,https://fetsorn.storage.yandexcloud.net/sha256/ac9f9cae4e0664dfb186c85a7b936920b8dec296193febccdf2f40932779c3e2.ogg
adca9961aab54607f28f0a98a6e18bbe683f7921574962e6fa73ad3821742048,https://fetsorn.storage.yandexcloud.net/sha256/adca9961aab54607f28f0a98a6e18bbe683f7921574962e6fa73ad3821742048.ogg
ae466625a19cbf76b162104dc3dff8a8abdd0b262072e6bd1fb5b1d684fd32ff,https://fetsorn.storage.yandexcloud.net/sha256/ae466625a19cbf76b162104dc3dff8a8abdd0b262072e6bd1fb5b1d684fd32ff.ogg
b00efdf916fe9ea24ddadb56e4208f4becc10b610bf9b3d8953919d7a6aac00d,https://fetsorn.storage.yandexcloud.net/sha256/b00efdf916fe9ea24ddadb56e4208f4becc10b610bf9b3d8953919d7a6aac00d.ogg
b04a8a617be23d08bb98bf554d996ec8ea64afc8efbc8654282e77bd3648ffec,https://fetsorn.storage.yandexcloud.net/sha256/b04a8a617be23d08bb98bf554d996ec8ea64afc8efbc8654282e77bd3648ffec.ogg
b11dd14e0d8cf2b7b29fbd4d8f50dd12c0e39922f09dd2801da872311d3e93b4,https://fetsorn.storage.yandexcloud.net/sha256/b11dd14e0d8cf2b7b29fbd4d8f50dd12c0e39922f09dd2801da872311d3e93b4.ogg
b32d1e0f1050a23d39447441150f33ac39e4dce54d129564ce3ececdb5973276,https://fetsorn.storage.yandexcloud.net/sha256/b32d1e0f1050a23d39447441150f33ac39e4dce54d129564ce3ececdb5973276.ogg
b6bbd2ce805ccff5e71aec9163c5d04934fef6d127e96cf7485783b12efc0e17,https://fetsorn.storage.yandexcloud.net/sha256/b6bbd2ce805ccff5e71aec9163c5d04934fef6d127e96cf7485783b12efc0e17.ogg
b6fb3d7b5d92636518b1f4c4156399773ad61ad332f176ee2af529606e87cbd6,https://fetsorn.storage.yandexcloud.net/sha256/b6fb3d7b5d92636518b1f4c4156399773ad61ad332f176ee2af529606e87cbd6.ogg
b769ac4df4657128b5ea6cb7c26be713b3bfd9c1ee3e069861d884088d0aca22,https://fetsorn.storage.yandexcloud.net/sha256/b769ac4df4657128b5ea6cb7c26be713b3bfd9c1ee3e069861d884088d0aca22.ogg
b7cd00286cb8de65ec14cdeb0988bd5a12ca179566798bdb79adedfaecdc1e36,https://fetsorn.storage.yandexcloud.net/sha256/b7cd00286cb8de65ec14cdeb0988bd5a12ca179566798bdb79adedfaecdc1e36.ogg
b7ffcf1189a8115ad154497ea46e2f9fb0b887b7cf5874dec02f87fb5a3916a7,https://fetsorn.storage.yandexcloud.net/sha256/b7ffcf1189a8115ad154497ea46e2f9fb0b887b7cf5874dec02f87fb5a3916a7.ogg
b8b6530bffee2a13280e518a752970f5e4f875f6330b80ba3200918e858e35f5,https://fetsorn.storage.yandexcloud.net/sha256/b8b6530bffee2a13280e518a752970f5e4f875f6330b80ba3200918e858e35f5.ogg
b9bf0673b35156ee295c51e0616bc29ba79546ecad0c0c48f6eb543dcae507ca,https://fetsorn.storage.yandexcloud.net/sha256/b9bf0673b35156ee295c51e0616bc29ba79546ecad0c0c48f6eb543dcae507ca.ogg
bad321c68a7166971c930a5709ccaba3b2a947bb9b2a0fe226942bef7cbd16cd,https://fetsorn.storage.yandexcloud.net/sha256/bad321c68a7166971c930a5709ccaba3b2a947bb9b2a0fe226942bef7cbd16cd.ogg
bc0f019581252d6d8368a26de93b2781d598a0a6669d2f32ffc6e198c8e31fc7,https://fetsorn.storage.yandexcloud.net/sha256/bc0f019581252d6d8368a26de93b2781d598a0a6669d2f32ffc6e198c8e31fc7.ogg
bc44c80147ffd1c79c31e031c304a9f67ec551a9bc2ba342046a50e02b99fa95,https://fetsorn.storage.yandexcloud.net/sha256/bc44c80147ffd1c79c31e031c304a9f67ec551a9bc2ba342046a50e02b99fa95.ogg
bcf1733ea58d638b4ec8b47a181267cfe25bbd757a117055fc2b65bfb8c7aa10,https://fetsorn.storage.yandexcloud.net/sha256/bcf1733ea58d638b4ec8b47a181267cfe25bbd757a117055fc2b65bfb8c7aa10.ogg
bd6203df11b71418a3d6b655a76c82b4a5af79d53c26f6cb6cf72c6ce10a8d2a,https://fetsorn.storage.yandexcloud.net/sha256/bd6203df11b71418a3d6b655a76c82b4a5af79d53c26f6cb6cf72c6ce10a8d2a.ogg
bde18da33de41919f408f0cae3e12070baac48e42297dc38e9c6095ee2ee9465,https://fetsorn.storage.yandexcloud.net/sha256/bde18da33de41919f408f0cae3e12070baac48e42297dc38e9c6095ee2ee9465.ogg
c1730c0d7b5041028d7c6f5819e0278d14cfb2d3cce6ac39d3de2aa35b82517d,https://fetsorn.storage.yandexcloud.net/sha256/c1730c0d7b5041028d7c6f5819e0278d14cfb2d3cce6ac39d3de2aa35b82517d.ogg
c317d737dedff073e802fe23bd907f48d2fb52568d685334b281dc1ac31b6465,https://fetsorn.storage.yandexcloud.net/sha256/c317d737dedff073e802fe23bd907f48d2fb52568d685334b281dc1ac31b6465.ogg
c4e40a766e176767f43df853851e3dae84110ffb1a359363f677e39fa70db708,https://fetsorn.storage.yandexcloud.net/sha256/c4e40a766e176767f43df853851e3dae84110ffb1a359363f677e39fa70db708.ogg
c59eb373d54ea1981d95d9edcc2310cda2b937691c2e6016577a6b7f5ca2bdaa,https://fetsorn.storage.yandexcloud.net/sha256/c59eb373d54ea1981d95d9edcc2310cda2b937691c2e6016577a6b7f5ca2bdaa.ogg
c7429b8db94b85b2868254e890092d2f1f726fb336107ed53b7b5fe8821edec6,https://fetsorn.storage.yandexcloud.net/sha256/c7429b8db94b85b2868254e890092d2f1f726fb336107ed53b7b5fe8821edec6.ogg
c7ce032a56d58d2b7fcaa6746c22f89380b42d49a29cc4c5ecbc27e86549013a,https://fetsorn.storage.yandexcloud.net/sha256/c7ce032a56d58d2b7fcaa6746c22f89380b42d49a29cc4c5ecbc27e86549013a.ogg
c8b6ef4db0b749cd8d14be0fc6c5565852f603c2ddfb7e2e0e16ee16a439f83f,https://fetsorn.storage.yandexcloud.net/sha256/c8b6ef4db0b749cd8d14be0fc6c5565852f603c2ddfb7e2e0e16ee16a439f83f.ogg
c98225bd20b572a31ff15662c0002e7e7b696f528d057663198879ffb6f77466,https://fetsorn.storage.yandexcloud.net/sha256/c98225bd20b572a31ff15662c0002e7e7b696f528d057663198879ffb6f77466.ogg
c9e2fc48a10c4993ede7de80021083501b016c7b6c5c87eed4dcbc6403c7228c,https://fetsorn.storage.yandexcloud.net/sha256/c9e2fc48a10c4993ede7de80021083501b016c7b6c5c87eed4dcbc6403c7228c.ogg
ca02bdec56314087a229a80f7838bf76446885be8e5a4eacaa8bba0b2abf82f7,https://fetsorn.storage.yandexcloud.net/sha256/ca02bdec56314087a229a80f7838bf76446885be8e5a4eacaa8bba0b2abf82f7.ogg
ca4418eecf7a088a9d6ee415c2490a8980efe8ad86302e98db56fba1b87a47e6,https://fetsorn.storage.yandexcloud.net/sha256/ca4418eecf7a088a9d6ee415c2490a8980efe8ad86302e98db56fba1b87a47e6.ogg
cb66a8b62a6936793ab265e9817d17ea623125ee1ba2e50deb9efb264b9d4b29,https://fetsorn.storage.yandexcloud.net/sha256/cb66a8b62a6936793ab265e9817d17ea623125ee1ba2e50deb9efb264b9d4b29.ogg
ccfa8ccc18332c596d352e03a7cfb7e7e9dc3a82dfaf181c4cf5406c15f5a630,https://fetsorn.storage.yandexcloud.net/sha256/ccfa8ccc18332c596d352e03a7cfb7e7e9dc3a82dfaf181c4cf5406c15f5a630.ogg
cded9ffd486c075b0a7896416a2bbd5047b7fc549f859658ddeb8e3a95698d4b,https://fetsorn.storage.yandexcloud.net/sha256/cded9ffd486c075b0a7896416a2bbd5047b7fc549f859658ddeb8e3a95698d4b.ogg
cec74feaabc5c72ae3e29de8255440b5a0b5f40dde282fc8c40fc9aeca39da48,https://fetsorn.storage.yandexcloud.net/sha256/cec74feaabc5c72ae3e29de8255440b5a0b5f40dde282fc8c40fc9aeca39da48.ogg
d0bbfd257826369ed11e68475a0429e477085286b4f121601cd4a4174c6c08f7,https://fetsorn.storage.yandexcloud.net/sha256/d0bbfd257826369ed11e68475a0429e477085286b4f121601cd4a4174c6c08f7.ogg
d10b2e91dfd83ba8ae2ae9336f5fd540152c8a58333b9c596368eb46235d5424,https://fetsorn.storage.yandexcloud.net/sha256/d10b2e91dfd83ba8ae2ae9336f5fd540152c8a58333b9c596368eb46235d5424.ogg
d17c5f39cdc6e994295d7feb9ec42b65cfb1a6c791decdb64769303347386778,https://fetsorn.storage.yandexcloud.net/sha256/d17c5f39cdc6e994295d7feb9ec42b65cfb1a6c791decdb64769303347386778.ogg
d3514c301139d7b99d02ddaba65ce57b16b391e8b474e8dc8735dedda12b8984,https://fetsorn.storage.yandexcloud.net/sha256/d3514c301139d7b99d02ddaba65ce57b16b391e8b474e8dc8735dedda12b8984.ogg
d54489e02073bd5ef5f8faee7c697b9d26612722f53c9bd5707de0ee0eb320ff,https://fetsorn.storage.yandexcloud.net/sha256/d54489e02073bd5ef5f8faee7c697b9d26612722f53c9bd5707de0ee0eb320ff.ogg
d624f250d16a752766c7c8ddf2cbc1f88ccde0927dea00c95cd77044293d0adc,https://fetsorn.storage.yandexcloud.net/sha256/d624f250d16a752766c7c8ddf2cbc1f88ccde0927dea00c95cd77044293d0adc.ogg
d7814e118a601f9777ef1d3b634a86278e8350ddddae93e92326565cacf3f119,https://fetsorn.storage.yandexcloud.net/sha256/d7814e118a601f9777ef1d3b634a86278e8350ddddae93e92326565cacf3f119.ogg
d863e9ece706304e6844c41e3387dcc36abf32799d16894ab53d2cdf30151cce,https://fetsorn.storage.yandexcloud.net/sha256/d863e9ece706304e6844c41e3387dcc36abf32799d16894ab53d2cdf30151cce.ogg
da6a69f1bf0cb2d7ec33daf477762e840fe67d42f0f0d3a5d35b6639ddae729b,https://fetsorn.storage.yandexcloud.net/sha256/da6a69f1bf0cb2d7ec33daf477762e840fe67d42f0f0d3a5d35b6639ddae729b.ogg
db24ec21701db8f7b0e7acd1ec2584ef315cbc41a0e12ceecb461a51c0ff4dc6,https://fetsorn.storage.yandexcloud.net/sha256/db24ec21701db8f7b0e7acd1ec2584ef315cbc41a0e12ceecb461a51c0ff4dc6.ogg
db340aa8fc6b06095a2cb6d711eb3a09e10dcc6ae3c35d70c01acce6c835b907,https://fetsorn.storage.yandexcloud.net/sha256/db340aa8fc6b06095a2cb6d711eb3a09e10dcc6ae3c35d70c01acce6c835b907.ogg
dc45919f1045ae11b4fa0f23fd7d8d6ac0b1380772cf5a59d237b6066fd2d6d1,https://fetsorn.storage.yandexcloud.net/sha256/dc45919f1045ae11b4fa0f23fd7d8d6ac0b1380772cf5a59d237b6066fd2d6d1.ogg
dc8c33a3a6dcded107b083bb7f8c68fafde3883d05dce00c7ac63de1e2a39fdf,https://fetsorn.storage.yandexcloud.net/sha256/dc8c33a3a6dcded107b083bb7f8c68fafde3883d05dce00c7ac63de1e2a39fdf.ogg
dcddde0dee639174e744fd300704a835569bf917c428fe20c8eedb998e8c3fae,https://fetsorn.storage.yandexcloud.net/sha256/dcddde0dee639174e744fd300704a835569bf917c428fe20c8eedb998e8c3fae.ogg
dd2802662aed14d0a4afe0ca713b4c535da5e3ca12413de1367b3253cefa4980,https://fetsorn.storage.yandexcloud.net/sha256/dd2802662aed14d0a4afe0ca713b4c535da5e3ca12413de1367b3253cefa4980.ogg
dd2e9306c8ec7d7a3c2bd9ab712c4daa8c32f3e6210531e94b7e3885b3a37846,https://fetsorn.storage.yandexcloud.net/sha256/dd2e9306c8ec7d7a3c2bd9ab712c4daa8c32f3e6210531e94b7e3885b3a37846.ogg
de5657fdd90d1bb94e7a8ed4ee7f8a2202d7d9a06f762cc21caf440c8cb09baa,https://fetsorn.storage.yandexcloud.net/sha256/de5657fdd90d1bb94e7a8ed4ee7f8a2202d7d9a06f762cc21caf440c8cb09baa.ogg
debf51fb7f26944d06714c05f2601fa8dd17a7bb242bbe9dead08c5ec94a09df,https://fetsorn.storage.yandexcloud.net/sha256/debf51fb7f26944d06714c05f2601fa8dd17a7bb242bbe9dead08c5ec94a09df.ogg
df03d697d4d65a18baa053ea5bc60751a399253fe1752582c1eebd4de3d995b6,https://fetsorn.storage.yandexcloud.net/sha256/df03d697d4d65a18baa053ea5bc60751a399253fe1752582c1eebd4de3d995b6.ogg
e12ae320a6d5bea5a4653972cf22df8016139e59b4b0c895e91f4af4507eace6,https://fetsorn.storage.yandexcloud.net/sha256/e12ae320a6d5bea5a4653972cf22df8016139e59b4b0c895e91f4af4507eace6.ogg
e146ff52d67f6ac052a7521b7c0f7250b4423ada9ba4743fc077c3b5703340a6,https://fetsorn.storage.yandexcloud.net/sha256/e146ff52d67f6ac052a7521b7c0f7250b4423ada9ba4743fc077c3b5703340a6.ogg
e1c5cb776738dd9c1903035ee6a09abcb1cf44f76be2b81a6518eff7ab20687d,https://fetsorn.storage.yandexcloud.net/sha256/e1c5cb776738dd9c1903035ee6a09abcb1cf44f76be2b81a6518eff7ab20687d.ogg
e31270c94a30fe3387454c9eb37ddb47dc996f4ca4c8d6c57833f568045cb31c,https://fetsorn.storage.yandexcloud.net/sha256/e31270c94a30fe3387454c9eb37ddb47dc996f4ca4c8d6c57833f568045cb31c.ogg
e312d4dd3f6740725295a612eb1017bdf59416d27195202e8b3c6e727df1f76c,https://fetsorn.storage.yandexcloud.net/sha256/e312d4dd3f6740725295a612eb1017bdf59416d27195202e8b3c6e727df1f76c.ogg
e4c4c0664d09b28b696addc7a777387aca679ee4ca3e103c9f83ed95dcab9691,https://fetsorn.storage.yandexcloud.net/sha256/e4c4c0664d09b28b696addc7a777387aca679ee4ca3e103c9f83ed95dcab9691.ogg
e4f9fbb5aba696043dc3c789c373ff79d285e4ec270300cd606460aa83562d04,https://fetsorn.storage.yandexcloud.net/sha256/e4f9fbb5aba696043dc3c789c373ff79d285e4ec270300cd606460aa83562d04.ogg
e56cf98ffa98fc683d2fe97b77014c25f80d8972d78c6cec8d7561bcd5bf7036,https://fetsorn.storage.yandexcloud.net/sha256/e56cf98ffa98fc683d2fe97b77014c25f80d8972d78c6cec8d7561bcd5bf7036.ogg
e5afd7ea1955bfe005efb3ea8316c4f82f4efb02b2a7ca654f69529fb3c67e1f,https://fetsorn.storage.yandexcloud.net/sha256/e5afd7ea1955bfe005efb3ea8316c4f82f4efb02b2a7ca654f69529fb3c67e1f.ogg
e6c2f5c8a3d31b947f9ac6332fb7434d7d60c53ede01fc405b7dc010c32cdea4,https://fetsorn.storage.yandexcloud.net/sha256/e6c2f5c8a3d31b947f9ac6332fb7434d7d60c53ede01fc405b7dc010c32cdea4.ogg
e7673eda7090973ac163ab7c8dc14c065fed6285223ac373184d0612d236547f,https://fetsorn.storage.yandexcloud.net/sha256/e7673eda7090973ac163ab7c8dc14c065fed6285223ac373184d0612d236547f.ogg
e780f40966b7a2f1644550088b322c350830c4d47fb7c11bd7e66230fd2272a7,https://fetsorn.storage.yandexcloud.net/sha256/e780f40966b7a2f1644550088b322c350830c4d47fb7c11bd7e66230fd2272a7.ogg
e7d47e030b6f8d84ccb8db147070089995cbc1268e41079b71aaba33dc54cc4c,https://fetsorn.storage.yandexcloud.net/sha256/e7d47e030b6f8d84ccb8db147070089995cbc1268e41079b71aaba33dc54cc4c.ogg
e8595c7cdb27e52c3d3a2b410674e6d482c7f3364ddab48146eb9ee4930d8cc4,https://fetsorn.storage.yandexcloud.net/sha256/e8595c7cdb27e52c3d3a2b410674e6d482c7f3364ddab48146eb9ee4930d8cc4.ogg
e90447a12c23b835059081d7d5e590e0fc35880f8b74549dee003bb77f6ddd60,https://fetsorn.storage.yandexcloud.net/sha256/e90447a12c23b835059081d7d5e590e0fc35880f8b74549dee003bb77f6ddd60.ogg
e9128dfba60377f34dce183e5dc0060a11c0b23e01625c20f9cf06c203c8512d,https://fetsorn.storage.yandexcloud.net/sha256/e9128dfba60377f34dce183e5dc0060a11c0b23e01625c20f9cf06c203c8512d.ogg
eace5605666245636de5ad119effdf6f2350c435d6d7ccfd726ae793d96510c1,https://fetsorn.storage.yandexcloud.net/sha256/eace5605666245636de5ad119effdf6f2350c435d6d7ccfd726ae793d96510c1.ogg
ebaee1a75b588ceebce1459257914f5ef4fbc092081463c11ce97170531b9eb0,https://fetsorn.storage.yandexcloud.net/sha256/ebaee1a75b588ceebce1459257914f5ef4fbc092081463c11ce97170531b9eb0.ogg
ebfd64ca5786d3d64fd6f0eb0e535f281c0c7ec97b1f375f170193c6ce2937a8,https://fetsorn.storage.yandexcloud.net/sha256/ebfd64ca5786d3d64fd6f0eb0e535f281c0c7ec97b1f375f170193c6ce2937a8.ogg
ed5883ff28973371297b78a736fa1ab4186b22ad242b6b0010c659c0338ff138,https://fetsorn.storage.yandexcloud.net/sha256/ed5883ff28973371297b78a736fa1ab4186b22ad242b6b0010c659c0338ff138.ogg
ed78e7db1ab3f0bc8528459d05caedfcd7d9636d9cdb884ad1a3ef155dfb23d5,https://fetsorn.storage.yandexcloud.net/sha256/ed78e7db1ab3f0bc8528459d05caedfcd7d9636d9cdb884ad1a3ef155dfb23d5.ogg
edb941d7b10148e5e27aff12278a8c51a3448183dd481391c550c7b8b39c2c17,https://fetsorn.storage.yandexcloud.net/sha256/edb941d7b10148e5e27aff12278a8c51a3448183dd481391c550c7b8b39c2c17.ogg
ee2ec2bd9df628e7aca02bb8899add2059413ef635008574ecf3a540c8680e1d,https://fetsorn.storage.yandexcloud.net/sha256/ee2ec2bd9df628e7aca02bb8899add2059413ef635008574ecf3a540c8680e1d.ogg
ee990f46dab22e9d26a9f9cd2f8673a19ca763f53a055fe362e2206bcb06d155,https://fetsorn.storage.yandexcloud.net/sha256/ee990f46dab22e9d26a9f9cd2f8673a19ca763f53a055fe362e2206bcb06d155.ogg
ef83f2cfcee076db39a02d723404f155ff28d6dc824881261f184c2a332d47c4,https://fetsorn.storage.yandexcloud.net/sha256/ef83f2cfcee076db39a02d723404f155ff28d6dc824881261f184c2a332d47c4.ogg
efe480c57fe5b8dba5b7e49881db957734aef39351af9bc55aa579f14bf5f9fa,https://fetsorn.storage.yandexcloud.net/sha256/efe480c57fe5b8dba5b7e49881db957734aef39351af9bc55aa579f14bf5f9fa.ogg
f37a2a4f9cb3be52362ac231b428508db6b9e8d5589496a04c8d1b4a09e259d1,https://fetsorn.storage.yandexcloud.net/sha256/f37a2a4f9cb3be52362ac231b428508db6b9e8d5589496a04c8d1b4a09e259d1.ogg
f3df5f9ad361099fd73e2274340018cf352d49353cf62ecbe75e9f80c6633e74,https://fetsorn.storage.yandexcloud.net/sha256/f3df5f9ad361099fd73e2274340018cf352d49353cf62ecbe75e9f80c6633e74.ogg
f5e528e5b19d3f6c1ad337159ed6980373bc7a51409a84a60efe0c022b6e323e,https://fetsorn.storage.yandexcloud.net/sha256/f5e528e5b19d3f6c1ad337159ed6980373bc7a51409a84a60efe0c022b6e323e.ogg
f71c19c46b1cb8f06f04990ee8c4d04d91776b349bd5aea2fd3cde5c3ce11869,https://fetsorn.storage.yandexcloud.net/sha256/f71c19c46b1cb8f06f04990ee8c4d04d91776b349bd5aea2fd3cde5c3ce11869.ogg
f74c459089ecd481f2ffc63f16b2081933f9db8b0cbe2484603be081fda91678,https://fetsorn.storage.yandexcloud.net/sha256/f74c459089ecd481f2ffc63f16b2081933f9db8b0cbe2484603be081fda91678.ogg
f7e7a62dd0daf63e17692f9c65b504bb22e806d7fb0e528d3fa64b2841325dc2,https://fetsorn.storage.yandexcloud.net/sha256/f7e7a62dd0daf63e17692f9c65b504bb22e806d7fb0e528d3fa64b2841325dc2.ogg
f8251ce7f8dcd1f9a3116a6cce4469b04b51518172de9d6bcc8b6d2c89e7e12d,https://fetsorn.storage.yandexcloud.net/sha256/f8251ce7f8dcd1f9a3116a6cce4469b04b51518172de9d6bcc8b6d2c89e7e12d.ogg
f858d2f3154fedfe4c104319adaf1aeb6680977cbf0e22f17edcf932da80acd9,https://fetsorn.storage.yandexcloud.net/sha256/f858d2f3154fedfe4c104319adaf1aeb6680977cbf0e22f17edcf932da80acd9.ogg
f870ca11194de9fd493430290c38541524bbc3080b52b7eb8358a7fd0efa62b8,https://fetsorn.storage.yandexcloud.net/sha256/f870ca11194de9fd493430290c38541524bbc3080b52b7eb8358a7fd0efa62b8.ogg
f9542f916b943882d5e6bcc23cb739083bdbeca100dbb2707e738092c7a1da2e,https://fetsorn.storage.yandexcloud.net/sha256/f9542f916b943882d5e6bcc23cb739083bdbeca100dbb2707e738092c7a1da2e.ogg
fab6131841a6d7b250cc371680bcf5db16c0071e462ad8dbf3c8a6843ae9d1dd,https://fetsorn.storage.yandexcloud.net/sha256/fab6131841a6d7b250cc371680bcf5db16c0071e462ad8dbf3c8a6843ae9d1dd.ogg
fad8de78d2a95b16f91cf3e21e918d75549a179d35a8d3cb7b2dab57142db4fd,https://fetsorn.storage.yandexcloud.net/sha256/fad8de78d2a95b16f91cf3e21e918d75549a179d35a8d3cb7b2dab57142db4fd.ogg
fc18ca0ba02d969252198acd03165fb8bfec48e8a98fd5ef96f3a54139cda473,https://fetsorn.storage.yandexcloud.net/sha256/fc18ca0ba02d969252198acd03165fb8bfec48e8a98fd5ef96f3a54139cda473.ogg
fc3c26dfe3cadc4c879f0abb3731bcece61b869f5273f344ca3725c37b175e17,https://fetsorn.storage.yandexcloud.net/sha256/fc3c26dfe3cadc4c879f0abb3731bcece61b869f5273f344ca3725c37b175e17.ogg
fc56ef1528a32efa0ccebfb79a84b3a794a9e850b08cecdab9ff4ee29ac09013,https://fetsorn.storage.yandexcloud.net/sha256/fc56ef1528a32efa0ccebfb79a84b3a794a9e850b08cecdab9ff4ee29ac09013.ogg
ff020c5a4c07ceba22b029022e1febe527b777cae9e97c3a8cab5d254c1b0632,https://fetsorn.storage.yandexcloud.net/sha256/ff020c5a4c07ceba22b029022e1febe527b777cae9e97c3a8cab5d254c1b0632.ogg
5819be6b73eeb68cba1cd0397cc04ae6710213d431ec473805ba80fc23d21b5c,https://fetsorn.storage.yandexcloud.net/sha256/5819be6b73eeb68cba1cd0397cc04ae6710213d431ec473805ba80fc23d21b5c.mp3
2e17ddf9b5fa926c5de2422ec47a9ea4d36eb97e996afc306533960ffbc79264,https://fetsorn.storage.yandexcloud.net/sha256/2e17ddf9b5fa926c5de2422ec47a9ea4d36eb97e996afc306533960ffbc79264.mp3
31ab6548714c25909bc706154069e5160f4d1c38f4ab27644985a1a6dab486c8,https://fetsorn.storage.yandexcloud.net/sha256/31ab6548714c25909bc706154069e5160f4d1c38f4ab27644985a1a6dab486c8.mp3
2761587bec1246c8090c3c373ef79b613261ccc1a6577d8ef6e57cd684f8022f,https://fetsorn.storage.yandexcloud.net/sha256/2761587bec1246c8090c3c373ef79b613261ccc1a6577d8ef6e57cd684f8022f.ogg
387672dc58890f5d3d6ed3943076d1fc7095542296ea27e01347ae8bb1f6fd83,https://fetsorn.storage.yandexcloud.net/sha256/387672dc58890f5d3d6ed3943076d1fc7095542296ea27e01347ae8bb1f6fd83.ogg
ef401a1d0134e3218314e67a2849a3a4d82830aba29c968eb1870885b1ffb8ab,https://fetsorn.storage.yandexcloud.net/sha256/ef401a1d0134e3218314e67a2849a3a4d82830aba29c968eb1870885b1ffb8ab.ogg
97bb8c608392c15de0ef29597f03c6cf3299f0da9df56c775062abfbe6eca2c9,https://fetsorn.storage.yandexcloud.net/sha256/97bb8c608392c15de0ef29597f03c6cf3299f0da9df56c775062abfbe6eca2c9.ogg
174e16c7a65295f1a4dc26d414475828835c80d96f240a5728249d10f2819eaa,https://fetsorn.storage.yandexcloud.net/sha256/174e16c7a65295f1a4dc26d414475828835c80d96f240a5728249d10f2819eaa.ogg
06d696c68b4f784a2c06360a66eca384dd2a6feb0477eea7c19b3ae46fafcb32,https://fetsorn.storage.yandexcloud.net/sha256/06d696c68b4f784a2c06360a66eca384dd2a6feb0477eea7c19b3ae46fafcb32.ogg
cabdae7408a6535c2baea0ac06ec92764da7daecbda0586699ca43b8650b43ac,https://fetsorn.storage.yandexcloud.net/sha256/cabdae7408a6535c2baea0ac06ec92764da7daecbda0586699ca43b8650b43ac.ogg
dadb9e4ed5281033d91a91735a6c4c727cc8882d7674d0b1a3b5bac15f22b6e7,https://fetsorn.storage.yandexcloud.net/sha256/dadb9e4ed5281033d91a91735a6c4c727cc8882d7674d0b1a3b5bac15f22b6e7.ogg
60c4657590e7c98fe4a6d6cd7e9131977f467dbcaa25ba775b06b8a41ba6e5c3,https://fetsorn.storage.yandexcloud.net/sha256/60c4657590e7c98fe4a6d6cd7e9131977f467dbcaa25ba775b06b8a41ba6e5c3.ogg
5b77530a603a18d1d7cdb3c05fa0aaab7ba9588820e4a812dc99cd1e69645e20,https://fetsorn.storage.yandexcloud.net/sha256/5b77530a603a18d1d7cdb3c05fa0aaab7ba9588820e4a812dc99cd1e69645e20.ogg
bea6dd85c6cdc2354ae89865aa085020a8edf7b7eda9bdfa32e9f994121382b2,https://fetsorn.storage.yandexcloud.net/sha256/bea6dd85c6cdc2354ae89865aa085020a8edf7b7eda9bdfa32e9f994121382b2.ogg
93e23ed6394b0a0e56002521955794d6d8adbf66504b7a4b68dec6584aa88166,https://fetsorn.storage.yandexcloud.net/sha256/93e23ed6394b0a0e56002521955794d6d8adbf66504b7a4b68dec6584aa88166.ogg
583ab36834d63b4302a24cdfb3fa84dc6dcc75abfcac72bb29c2bd715ec5129e,https://fetsorn.storage.yandexcloud.net/sha256/583ab36834d63b4302a24cdfb3fa84dc6dcc75abfcac72bb29c2bd715ec5129e.ogg
0a26874f22ca823e9a64b3133e435e73ea80cd886afd3c4a8e5a2c958f10ce6e,https://fetsorn.storage.yandexcloud.net/sha256/0a26874f22ca823e9a64b3133e435e73ea80cd886afd3c4a8e5a2c958f10ce6e.ogg
98de97fc5109edd196527b2af8a3b5cdf511c24b04ca958383fc73ee3f9b36de,https://fetsorn.storage.yandexcloud.net/sha256/98de97fc5109edd196527b2af8a3b5cdf511c24b04ca958383fc73ee3f9b36de.ogg
badbb9aea34c6d3c1647d8a69ee0388215dc1c48250894a5511fe08b5a8363b0,https://fetsorn.storage.yandexcloud.net/sha256/badbb9aea34c6d3c1647d8a69ee0388215dc1c48250894a5511fe08b5a8363b0.ogg
74cfd12838041a7e00858e26501e7e50d59262d5e3ef49ad99eeb6209b445809,https://fetsorn.storage.yandexcloud.net/sha256/74cfd12838041a7e00858e26501e7e50d59262d5e3ef49ad99eeb6209b445809.ogg
0a6ea3f844a9fe47b6b0a6c03d89b208dbd40951833d5475e8e8a2ebeef89fbf,https://fetsorn.storage.yandexcloud.net/sha256/0a6ea3f844a9fe47b6b0a6c03d89b208dbd40951833d5475e8e8a2ebeef89fbf.ogg
cb86c053de70ef00fc7ebad96ff53d0741f45ee21df21c8a2fec75da82be1740,https://fetsorn.storage.yandexcloud.net/sha256/cb86c053de70ef00fc7ebad96ff53d0741f45ee21df21c8a2fec75da82be1740.ogg
bdc1364a0fac4f7b48f54c551842b37699eeaeab4763b03b71cf89304e269786,https://fetsorn.storage.yandexcloud.net/sha256/bdc1364a0fac4f7b48f54c551842b37699eeaeab4763b03b71cf89304e269786.ogg
d1535c54d678f2d13d6ee6a55738ea80ec7352ba3fc2f0484d12e98d4d2a70e4,https://fetsorn.storage.yandexcloud.net/sha256/d1535c54d678f2d13d6ee6a55738ea80ec7352ba3fc2f0484d12e98d4d2a70e4.ogg
31f778a6f1bcde7269d74d61291780c8261d12f2913dd08caecfad0853b11696,https://fetsorn.storage.yandexcloud.net/sha256/31f778a6f1bcde7269d74d61291780c8261d12f2913dd08caecfad0853b11696.ogg
7d4757b150892499f017e6a84ba46f2653be100a82d98ed8a6dbc70bdf26e99a,https://fetsorn.storage.yandexcloud.net/sha256/7d4757b150892499f017e6a84ba46f2653be100a82d98ed8a6dbc70bdf26e99a.ogg
58b9e988c31fabdfca14d7756f0929bacee0cac599b06afcb807fee34b5370f3,https://fetsorn.storage.yandexcloud.net/sha256/58b9e988c31fabdfca14d7756f0929bacee0cac599b06afcb807fee34b5370f3.ogg
f8b0ecc94124deb5da7e6de4ee254f2695f68e4cde3b7cbc15e940f9ab0638e8,https://fetsorn.storage.yandexcloud.net/sha256/f8b0ecc94124deb5da7e6de4ee254f2695f68e4cde3b7cbc15e940f9ab0638e8.ogg
a229c09ca345541c3c8aea48a26742fbefdac40ea3fbc83de8cf0cd9c6fd66bf,https://fetsorn.storage.yandexcloud.net/sha256/a229c09ca345541c3c8aea48a26742fbefdac40ea3fbc83de8cf0cd9c6fd66bf.ogg
70f9bccfa7a0204a58ab4e3de131ec4a00f297e5b0ed76871f5e0c57a1e87600,https://fetsorn.storage.yandexcloud.net/sha256/70f9bccfa7a0204a58ab4e3de131ec4a00f297e5b0ed76871f5e0c57a1e87600.ogg
9d57c5852054a78de10d03d3505a564bdc5c87efb654fec2658347b6d7cf46e9,https://fetsorn.storage.yandexcloud.net/sha256/9d57c5852054a78de10d03d3505a564bdc5c87efb654fec2658347b6d7cf46e9.ogg
8dbc561ef95c0eb5d218a1c81439c4e6602b3d3cce67d2c05ff9016a8f4b268a,https://fetsorn.storage.yandexcloud.net/sha256/8dbc561ef95c0eb5d218a1c81439c4e6602b3d3cce67d2c05ff9016a8f4b268a.ogg
1cfd0080c39d22f77a08263c4457538fdb6b5bff9e9b455112b4fbd92923f0e3,https://fetsorn.storage.yandexcloud.net/sha256/1cfd0080c39d22f77a08263c4457538fdb6b5bff9e9b455112b4fbd92923f0e3.ogg
a2d2eae447293b0af05fb953b1ad9aaf82f47b7ff3d9397e997acc33a78ac701,https://fetsorn.storage.yandexcloud.net/sha256/a2d2eae447293b0af05fb953b1ad9aaf82f47b7ff3d9397e997acc33a78ac701.ogg
ccb189c65c467437fd6ebedc5ebea18be1e6567c2955c3b3ef62303c12707b55,https://fetsorn.storage.yandexcloud.net/sha256/ccb189c65c467437fd6ebedc5ebea18be1e6567c2955c3b3ef62303c12707b55.ogg
0502fa669b1928dd49e7e06a3e74a257fc19b15e6f2001c6c2441c410ee8980f,https://fetsorn.storage.yandexcloud.net/sha256/0502fa669b1928dd49e7e06a3e74a257fc19b15e6f2001c6c2441c410ee8980f.ogg
3c85658ed1daeee44d8de58d7b9a77e0e369a8f21bad637209aa428a824eabc2,https://fetsorn.storage.yandexcloud.net/sha256/3c85658ed1daeee44d8de58d7b9a77e0e369a8f21bad637209aa428a824eabc2.ogg
f8e98e12b651f21dfb85743b3e25d581b0cf26ab43f3d4b7e21dd673025facf7,https://fetsorn.storage.yandexcloud.net/sha256/f8e98e12b651f21dfb85743b3e25d581b0cf26ab43f3d4b7e21dd673025facf7.ogg
923a3b0e89ca9499bf3b2c926c2f4ac0cf8980cb0cd6d30e5d2d358480497466,https://fetsorn.storage.yandexcloud.net/sha256/923a3b0e89ca9499bf3b2c926c2f4ac0cf8980cb0cd6d30e5d2d358480497466.ogg
799ea984d79a287bfa2316101bfa2e3229bf385e12fb324151c9135af8ae38ee,https://fetsorn.storage.yandexcloud.net/sha256/799ea984d79a287bfa2316101bfa2e3229bf385e12fb324151c9135af8ae38ee.ogg
30b4f0ec9495fb9f8ef4c4b8729059f92b64c1cabdac22b3ba20063aa34b7d63,https://fetsorn.storage.yandexcloud.net/sha256/30b4f0ec9495fb9f8ef4c4b8729059f92b64c1cabdac22b3ba20063aa34b7d63.ogg
40cedb9ab9fee46c59ce79d540f382c5c18527fe210c16def579b86fab1a8be9,https://fetsorn.storage.yandexcloud.net/sha256/40cedb9ab9fee46c59ce79d540f382c5c18527fe210c16def579b86fab1a8be9.ogg
49451ac738856446e9470b3da16b46e546e1b39e184bfba3d90ac8373c566902,https://fetsorn.storage.yandexcloud.net/sha256/49451ac738856446e9470b3da16b46e546e1b39e184bfba3d90ac8373c566902.ogg
5350ca8ebd470c0048abe473ced61d4609f40291b2755d3d112203fdafc93f76,https://fetsorn.storage.yandexcloud.net/sha256/5350ca8ebd470c0048abe473ced61d4609f40291b2755d3d112203fdafc93f76.ogg
3a74cc4ac04b1d78febe0eda1ddf53152795e7c9e20a07172a02a91390807bb1,https://fetsorn.storage.yandexcloud.net/sha256/3a74cc4ac04b1d78febe0eda1ddf53152795e7c9e20a07172a02a91390807bb1.ogg
785b789361f7790aec770e8b87fe2f3bf078fdf6d47d23ba6792177f9851e8be,https://fetsorn.storage.yandexcloud.net/sha256/785b789361f7790aec770e8b87fe2f3bf078fdf6d47d23ba6792177f9851e8be.ogg
d9a397cf62ba095111bd782baeedff6b94c280d68b36197de277ca0af1c71502,https://fetsorn.storage.yandexcloud.net/sha256/d9a397cf62ba095111bd782baeedff6b94c280d68b36197de277ca0af1c71502.ogg
3ff0f0e968aba70863d9bf7903f56269d2d2af59391c19131d78e50155807044,https://fetsorn.storage.yandexcloud.net/sha256/3ff0f0e968aba70863d9bf7903f56269d2d2af59391c19131d78e50155807044.ogg
ecb9f40bda4dbbc88d206b5b169242d7a26b2ee06a7a3b855ecdd0fdb887d0e1,https://fetsorn.storage.yandexcloud.net/sha256/ecb9f40bda4dbbc88d206b5b169242d7a26b2ee06a7a3b855ecdd0fdb887d0e1.ogg
6649fadf714eab19c38fb8eaea579da679141644c34daf80f26bf857c4087f32,https://fetsorn.storage.yandexcloud.net/sha256/6649fadf714eab19c38fb8eaea579da679141644c34daf80f26bf857c4087f32.ogg
9ccc00233a38cc0242af5bfa5b1f546466071208ee90e554ac36d0fb25441ac1,https://fetsorn.storage.yandexcloud.net/sha256/9ccc00233a38cc0242af5bfa5b1f546466071208ee90e554ac36d0fb25441ac1.ogg
df03d697d4d65a18baa053ea5bc60751a399253fe1752582c1eebd4de3d995b6,https://fetsorn.storage.yandexcloud.net/sha256/df03d697d4d65a18baa053ea5bc60751a399253fe1752582c1eebd4de3d995b6.ogg
ff020c5a4c07ceba22b029022e1febe527b777cae9e97c3a8cab5d254c1b0632,https://fetsorn.storage.yandexcloud.net/sha256/ff020c5a4c07ceba22b029022e1febe527b777cae9e97c3a8cab5d254c1b0632.ogg
e3073cf4a9a0dabe2abdfffcbaa4c0b3c467a4ba13df448d74003aab85add454,https://fetsorn.storage.yandexcloud.net/sha256/e3073cf4a9a0dabe2abdfffcbaa4c0b3c467a4ba13df448d74003aab85add454.ogg
e57bc24c63a38aca1457b0075768be90e69e115a2ce87bb952b9e93a02933efd,https://fetsorn.storage.yandexcloud.net/sha256/e57bc24c63a38aca1457b0075768be90e69e115a2ce87bb952b9e93a02933efd.ogg
599b7f1add010a18fafe0b03bf29efb2a77117ebb561e7099a583b6beb8c6fcd,https://fetsorn.storage.yandexcloud.net/sha256/599b7f1add010a18fafe0b03bf29efb2a77117ebb561e7099a583b6beb8c6fcd.ogg
a09ca15e22d48952205d67b1ab37fe9af6c80f1a8446db3bccb8dc41bfde1781,https://fetsorn.storage.yandexcloud.net/sha256/a09ca15e22d48952205d67b1ab37fe9af6c80f1a8446db3bccb8dc41bfde1781.ogg
afcf34cafb74231f96ec06ca3c5dccd9ac10613fc8c174107f527ab4739faa9f,https://fetsorn.storage.yandexcloud.net/sha256/afcf34cafb74231f96ec06ca3c5dccd9ac10613fc8c174107f527ab4739faa9f.ogg
c892d248e37c78aa2a2fb7abe34afae056e81a1e9b0d55128002a5c702a69d07,https://fetsorn.storage.yandexcloud.net/sha256/c892d248e37c78aa2a2fb7abe34afae056e81a1e9b0d55128002a5c702a69d07.ogg
a58a20a238fcd7b7d722e06a9c9a8f6c88a3dd099652357899970b0de5168479,https://fetsorn.storage.yandexcloud.net/sha256/a58a20a238fcd7b7d722e06a9c9a8f6c88a3dd099652357899970b0de5168479.ogg
0a5b5c0605fa7b55f82fde136d0d1bc79c4eb8ee58a8ca7d3bc7c9540b24e7a8,https://fetsorn.storage.yandexcloud.net/sha256/0a5b5c0605fa7b55f82fde136d0d1bc79c4eb8ee58a8ca7d3bc7c9540b24e7a8.ogg
0c7b5e902bfeb1f08a6b3be4bd32a4019df3c647468b15ffe8e2dda5754701b6,https://fetsorn.storage.yandexcloud.net/sha256/0c7b5e902bfeb1f08a6b3be4bd32a4019df3c647468b15ffe8e2dda5754701b6.ogg
2a155d8dd13382d5cdff826e1e281461fdc606214bda711458b4bbb5cbb97c8e,https://fetsorn.storage.yandexcloud.net/sha256/2a155d8dd13382d5cdff826e1e281461fdc606214bda711458b4bbb5cbb97c8e.ogg
e23edf49a756212f684944921473e4a7384ec79a81ecdbbc1075326b2d44b981,https://fetsorn.storage.yandexcloud.net/sha256/e23edf49a756212f684944921473e4a7384ec79a81ecdbbc1075326b2d44b981.ogg
7e019cfb58986a357c61cb43d91c736f6722596d64c7888aab543dc03d3107a1,https://fetsorn.storage.yandexcloud.net/sha256/7e019cfb58986a357c61cb43d91c736f6722596d64c7888aab543dc03d3107a1.ogg
3a6a91ab71ee5b57fcd95cbf585adf42906428c047df5ba281bd1f19fe2b640c,https://fetsorn.storage.yandexcloud.net/sha256/3a6a91ab71ee5b57fcd95cbf585adf42906428c047df5ba281bd1f19fe2b640c.ogg
81ce3a71af70e537064a6e94eb3d28fe2e0262bcd54cc434bc8ee4cf3138daa3,https://fetsorn.storage.yandexcloud.net/sha256/81ce3a71af70e537064a6e94eb3d28fe2e0262bcd54cc434bc8ee4cf3138daa3.ogg
2c1a7ff95fac232766686016a4a657258949a051446fcf037a70ff6ac7d50810,https://fetsorn.storage.yandexcloud.net/sha256/2c1a7ff95fac232766686016a4a657258949a051446fcf037a70ff6ac7d50810.ogg
373dbb10a727a9c42c42e03aa337260cc010b95e1ed3566332cfdf00394f1fee,https://fetsorn.storage.yandexcloud.net/sha256/373dbb10a727a9c42c42e03aa337260cc010b95e1ed3566332cfdf00394f1fee.ogg
a081d6265978ff6e8e52017a465f7a88c83eb79094060b406e328e424bd97191,https://fetsorn.storage.yandexcloud.net/sha256/a081d6265978ff6e8e52017a465f7a88c83eb79094060b406e328e424bd97191.ogg
2c52d7f0922499e120245efd2e7fd8544911b08be4aef7a8264fef2469f40ed6,https://fetsorn.storage.yandexcloud.net/sha256/2c52d7f0922499e120245efd2e7fd8544911b08be4aef7a8264fef2469f40ed6.ogg
c2a171be7a96eb3bf704f6e39fad93d2c3e88c319bcf2e6df429c61ec9e33107,https://fetsorn.storage.yandexcloud.net/sha256/c2a171be7a96eb3bf704f6e39fad93d2c3e88c319bcf2e6df429c61ec9e33107.ogg
613202f21684f97d83d3c72b21abebada9ec51f0449401241f5c2ea989098a71,https://fetsorn.storage.yandexcloud.net/sha256/613202f21684f97d83d3c72b21abebada9ec51f0449401241f5c2ea989098a71.ogg
00a5f8910bbfd0367f4ea663e01cb173d7581c25169cd6453f8c617a1a64965e,https://fetsorn.storage.yandexcloud.net/sha256/00a5f8910bbfd0367f4ea663e01cb173d7581c25169cd6453f8c617a1a64965e.ogg
4a56d778e38ea25ae452d2ec0caefbbade42246d290a7b5eeaff7fb2b805b153,https://fetsorn.storage.yandexcloud.net/sha256/4a56d778e38ea25ae452d2ec0caefbbade42246d290a7b5eeaff7fb2b805b153.ogg
4d1373e742b060bc140447d6db9483ca1db22e9a3a413c65b3e81a1d98e90408,https://fetsorn.storage.yandexcloud.net/sha256/4d1373e742b060bc140447d6db9483ca1db22e9a3a413c65b3e81a1d98e90408.ogg
f579e93b6d76193891aa3796ca56ae383d2c165bacccfd816fae4a669cb64646,https://fetsorn.storage.yandexcloud.net/sha256/f579e93b6d76193891aa3796ca56ae383d2c165bacccfd816fae4a669cb64646.ogg
f97841501271f4a50383e85adc0a8b296031f21865dca4130c4cad336c4a74f8,https://fetsorn.storage.yandexcloud.net/sha256/f97841501271f4a50383e85adc0a8b296031f21865dca4130c4cad336c4a74f8.ogg
ccc15994e2c8a54f06a70f74478a6c4cd6db55aa181f5381bdbd105c0e9c2bff,https://fetsorn.storage.yandexcloud.net/sha256/ccc15994e2c8a54f06a70f74478a6c4cd6db55aa181f5381bdbd105c0e9c2bff.mp3
0837c0d6ac8344358fbb5709aae20a7680a38153aa51b5102bd5575e53c41868,https://fetsorn.storage.yandexcloud.net/sha256/0837c0d6ac8344358fbb5709aae20a7680a38153aa51b5102bd5575e53c41868.mp3
090b53709e102ccb74822f63aa7d1ba967a8eb5057f40132ccf4bd54a4df2571,https://fetsorn.storage.yandexcloud.net/sha256/090b53709e102ccb74822f63aa7d1ba967a8eb5057f40132ccf4bd54a4df2571.mp3
15ce06544ec8ec03c2f4d7e358b96834ca7aee3869f473c0d8c2d320ba8535b7,https://fetsorn.storage.yandexcloud.net/sha256/15ce06544ec8ec03c2f4d7e358b96834ca7aee3869f473c0d8c2d320ba8535b7.mp3
1da2552403555cb913c129ddb077d2394361a3df50080f7bedb095b81bdedeb0,https://fetsorn.storage.yandexcloud.net/sha256/1da2552403555cb913c129ddb077d2394361a3df50080f7bedb095b81bdedeb0.mp3
286f8e36ee728310d924244c155ca0458a8ba2ffff416c674c587f4c7d8f5dcd,https://fetsorn.storage.yandexcloud.net/sha256/286f8e36ee728310d924244c155ca0458a8ba2ffff416c674c587f4c7d8f5dcd.mp3
29ca8e6e3f97072fcde8cc8d8d3a03791dd41249028b9b7fb8eafa8f4905adee,https://fetsorn.storage.yandexcloud.net/sha256/29ca8e6e3f97072fcde8cc8d8d3a03791dd41249028b9b7fb8eafa8f4905adee.mp3
2e8f848614e61542d4f4d122382042ec195acceeac2b17c7a31f79a01a8de65e,https://fetsorn.storage.yandexcloud.net/sha256/2e8f848614e61542d4f4d122382042ec195acceeac2b17c7a31f79a01a8de65e.mp3
41ff0459a6a55beea36c068e14d4d4c97abf83cedb0144a2e4326d9da789e43b,https://fetsorn.storage.yandexcloud.net/sha256/41ff0459a6a55beea36c068e14d4d4c97abf83cedb0144a2e4326d9da789e43b.mp3
504ddf2b5d87ac90c688ed832ec9205ab1c93129b33896adf1f547d48a74913a,https://fetsorn.storage.yandexcloud.net/sha256/504ddf2b5d87ac90c688ed832ec9205ab1c93129b33896adf1f547d48a74913a.mp3
5a6bc89b8fe4795e44b4678a8bf8474172785061c41a6bf24caabaf52c55550c,https://fetsorn.storage.yandexcloud.net/sha256/5a6bc89b8fe4795e44b4678a8bf8474172785061c41a6bf24caabaf52c55550c.mp3
5c7a945db86f8b9d5a34b9e9b206b448773d3f013dbef95d31ee8e6ab87c861b,https://fetsorn.storage.yandexcloud.net/sha256/5c7a945db86f8b9d5a34b9e9b206b448773d3f013dbef95d31ee8e6ab87c861b.mp3
628275d20837e2230cda475298a6ee3ae7a7c3dda1933059bee82bb9430a7203,https://fetsorn.storage.yandexcloud.net/sha256/628275d20837e2230cda475298a6ee3ae7a7c3dda1933059bee82bb9430a7203.mp3
64213098db3bdac0f239fa978370acf3cb9b46171b98aa625d0d4c5e49e1e9a9,https://fetsorn.storage.yandexcloud.net/sha256/64213098db3bdac0f239fa978370acf3cb9b46171b98aa625d0d4c5e49e1e9a9.mp3
69dfb973e8441248498ea06598ce0935e3c8e175111461626175dfd0ca336710,https://fetsorn.storage.yandexcloud.net/sha256/69dfb973e8441248498ea06598ce0935e3c8e175111461626175dfd0ca336710.mp3
7016c1891046bc33bd16f1d086ffd3ab12ae81ed1d6221bb058c7de3efd25398,https://fetsorn.storage.yandexcloud.net/sha256/7016c1891046bc33bd16f1d086ffd3ab12ae81ed1d6221bb058c7de3efd25398.mp3
74cb08cbdbeebd6ef594e6542ee0ce02054cfbc58b2842b385a1bbcf93743173,https://fetsorn.storage.yandexcloud.net/sha256/74cb08cbdbeebd6ef594e6542ee0ce02054cfbc58b2842b385a1bbcf93743173.mp3
783660be082138112c2cb6bb1c3fd5659a73509d1cfa92decee837e121056569,https://fetsorn.storage.yandexcloud.net/sha256/783660be082138112c2cb6bb1c3fd5659a73509d1cfa92decee837e121056569.mp3
81df7cd0dcf471daf09018233ead92a019f209e668e6ae2398aa067945563500,https://fetsorn.storage.yandexcloud.net/sha256/81df7cd0dcf471daf09018233ead92a019f209e668e6ae2398aa067945563500.mp3
8586d6624eb8e0d42f0abc64396c62f8357b9e51c9f30f026c6359f046fdc4b3,https://fetsorn.storage.yandexcloud.net/sha256/8586d6624eb8e0d42f0abc64396c62f8357b9e51c9f30f026c6359f046fdc4b3.mp3
8e72dc4b2ff90a75ac13236dcc49cbf1ccf0301829206727e2426314689626c0,https://fetsorn.storage.yandexcloud.net/sha256/8e72dc4b2ff90a75ac13236dcc49cbf1ccf0301829206727e2426314689626c0.ogg
9125d675a5b459f105d59ba1cd208cef560ba4264313261ecd0f576a56f3a05f,https://fetsorn.storage.yandexcloud.net/sha256/9125d675a5b459f105d59ba1cd208cef560ba4264313261ecd0f576a56f3a05f.mp3
9ad56c47000db889f852e96b07f0de06a132da2a1b961550da370796ec738772,https://fetsorn.storage.yandexcloud.net/sha256/9ad56c47000db889f852e96b07f0de06a132da2a1b961550da370796ec738772.ogg
9aef327584ea4ecda9cf14885a51c45a91da693667c7c87694a9f39e492d83a6,https://fetsorn.storage.yandexcloud.net/sha256/9aef327584ea4ecda9cf14885a51c45a91da693667c7c87694a9f39e492d83a6.mp3
a00ca33809205388b066f2ce9fb99bdf794fdc439f7c2d7a003407887c7bbc41,https://fetsorn.storage.yandexcloud.net/sha256/a00ca33809205388b066f2ce9fb99bdf794fdc439f7c2d7a003407887c7bbc41.ogg
a18799767622067a0f4bcc99d4dcc48855841c0834aa337d4c1a87b8a64f9ab5,https://fetsorn.storage.yandexcloud.net/sha256/a18799767622067a0f4bcc99d4dcc48855841c0834aa337d4c1a87b8a64f9ab5.ogg
a2b7b0bdffabf4e56163a6a5da398803739f83be421f3846b986050c4f4e35aa,https://fetsorn.storage.yandexcloud.net/sha256/a2b7b0bdffabf4e56163a6a5da398803739f83be421f3846b986050c4f4e35aa.ogg
a45cf69479bc62c395b3973bc5497d2e9794788414880ec96411d38108ecfcce,https://fetsorn.storage.yandexcloud.net/sha256/a45cf69479bc62c395b3973bc5497d2e9794788414880ec96411d38108ecfcce.mp3
a5eee97ce9c546fa4ac34b581d67f6a6e9cf5250fb98e12660aac58056123abb,https://fetsorn.storage.yandexcloud.net/sha256/a5eee97ce9c546fa4ac34b581d67f6a6e9cf5250fb98e12660aac58056123abb.mp3
a9225e411876adaeb1165e00784ddd43b4a49aa0617d9d7d767b7e4c88d1d70f,https://fetsorn.storage.yandexcloud.net/sha256/a9225e411876adaeb1165e00784ddd43b4a49aa0617d9d7d767b7e4c88d1d70f.ogg
ae2c4dc046506bd949ebf8088152a9762643d08516881c28f697920b3a25588a,https://fetsorn.storage.yandexcloud.net/sha256/ae2c4dc046506bd949ebf8088152a9762643d08516881c28f697920b3a25588a.mp3
b499651192b4bb58c8e07a4e8ea984c07a1aa551cd406552edc0eee2b6522275,https://fetsorn.storage.yandexcloud.net/sha256/b499651192b4bb58c8e07a4e8ea984c07a1aa551cd406552edc0eee2b6522275.mp3
b793db5462fe7a1960e1e89022452b6836f02ec2f10e877547e9455e290b9be8,https://fetsorn.storage.yandexcloud.net/sha256/b793db5462fe7a1960e1e89022452b6836f02ec2f10e877547e9455e290b9be8.mp3
cf4d54692c73c2c4c894d57e170348440a96ba368db2264f5b6c8cd2d837e3df,https://fetsorn.storage.yandexcloud.net/sha256/cf4d54692c73c2c4c894d57e170348440a96ba368db2264f5b6c8cd2d837e3df.mp3
cf65b2186a9226742b9a6ffa9bd82602c64adee825e80ef38dc9305e55c28f19,https://fetsorn.storage.yandexcloud.net/sha256/cf65b2186a9226742b9a6ffa9bd82602c64adee825e80ef38dc9305e55c28f19.mp3
cf803aa7accb8bc2e002dd1d3b44bd83d408ee7a4bac767e3bfca944fd47478a,https://fetsorn.storage.yandexcloud.net/sha256/cf803aa7accb8bc2e002dd1d3b44bd83d408ee7a4bac767e3bfca944fd47478a.mp3
ef0ff43c283efd6aadd06763e6fac64ca7f1109f85945e836390178cfc38e24b,https://fetsorn.storage.yandexcloud.net/sha256/ef0ff43c283efd6aadd06763e6fac64ca7f1109f85945e836390178cfc38e24b.mp3
f8f501147fac2a446f9854582211767106e365f837ee07fe48e9f1c26d62ac6f,https://fetsorn.storage.yandexcloud.net/sha256/f8f501147fac2a446f9854582211767106e365f837ee07fe48e9f1c26d62ac6f.mp3
3e2005f92d3b0e3fcf0406e3fd2fa264dafb9aca434d6537251f2f3efd3673d7,https://fetsorn.storage.yandexcloud.net/sha256/3e2005f92d3b0e3fcf0406e3fd2fa264dafb9aca434d6537251f2f3efd3673d7.mp3
1307eb881a1e7310b64ef6e9547e3d4a205422f8bd8f19d1369a9536f503f8f1,https://fetsorn.storage.yandexcloud.net/sha256/1307eb881a1e7310b64ef6e9547e3d4a205422f8bd8f19d1369a9536f503f8f1.mp3
15d0c9e2c8470eb4c89c7a00076c8cb435b6e06be0480030de62cf057bd4ac21,https://fetsorn.storage.yandexcloud.net/sha256/15d0c9e2c8470eb4c89c7a00076c8cb435b6e06be0480030de62cf057bd4ac21.ogg
2dba6f926bd6dc284c92685d1a47a4eccab6921e9ae589444c98dd7c8d328701,https://fetsorn.storage.yandexcloud.net/sha256/2dba6f926bd6dc284c92685d1a47a4eccab6921e9ae589444c98dd7c8d328701.ogg
3a746d2663cd80a15232e0b728d36c6014f553aabd1825c1578fb9a551a05f54,https://fetsorn.storage.yandexcloud.net/sha256/3a746d2663cd80a15232e0b728d36c6014f553aabd1825c1578fb9a551a05f54.mp3
3fb048d358c648a997cdba41753a14f5b8591ca0f5785496fc2ade63b8d7fc75,https://fetsorn.storage.yandexcloud.net/sha256/3fb048d358c648a997cdba41753a14f5b8591ca0f5785496fc2ade63b8d7fc75.m4a
44ddeb8f090d082ac7cf527da95e9a88d3114feae43e8dd5c210246910a5a0ef,https://fetsorn.storage.yandexcloud.net/sha256/44ddeb8f090d082ac7cf527da95e9a88d3114feae43e8dd5c210246910a5a0ef.mp3
561c049caf2cffcf954819123b6bcbccc8f264d18a7fdf5d8900f295fcdbd02a,https://fetsorn.storage.yandexcloud.net/sha256/561c049caf2cffcf954819123b6bcbccc8f264d18a7fdf5d8900f295fcdbd02a.ogg
6123291a7f90f4c0e7614bec85eba5a6cf943ec560623c7e72dd0c84082e06bd,https://fetsorn.storage.yandexcloud.net/sha256/6123291a7f90f4c0e7614bec85eba5a6cf943ec560623c7e72dd0c84082e06bd.ogg
62c400dc5d6dc3c406900b8f36ba06c60e72e1db64484e7f7f1536d6e9b35019,https://fetsorn.storage.yandexcloud.net/sha256/62c400dc5d6dc3c406900b8f36ba06c60e72e1db64484e7f7f1536d6e9b35019.mp3
65f5a2903421faa487f3b2f2633f1f63bc9859a0c9a9e786c7444ba08daf1a2e,https://fetsorn.storage.yandexcloud.net/sha256/65f5a2903421faa487f3b2f2633f1f63bc9859a0c9a9e786c7444ba08daf1a2e.flac
7862ebb09c6e9ac1ee9be03377cca2ddf5e6ee4816864ebc034ded83f1824e2c,https://fetsorn.storage.yandexcloud.net/sha256/7862ebb09c6e9ac1ee9be03377cca2ddf5e6ee4816864ebc034ded83f1824e2c.m4a
a402c5236fa7b675a335f47cbc99d1869549da3eefac63a2411016bf5f838d34,https://fetsorn.storage.yandexcloud.net/sha256/a402c5236fa7b675a335f47cbc99d1869549da3eefac63a2411016bf5f838d34.mp3
bdd937c4fcb7bb11c0ccc3a8322cd7a23c1a396875862b709d0d74348e4ae97e,https://fetsorn.storage.yandexcloud.net/sha256/bdd937c4fcb7bb11c0ccc3a8322cd7a23c1a396875862b709d0d74348e4ae97e.ogg
ef0423aa130f6e90901788ddbe2703e28385bc03e6a38d50a52f7347476b09fc,https://fetsorn.storage.yandexcloud.net/sha256/ef0423aa130f6e90901788ddbe2703e28385bc03e6a38d50a52f7347476b09fc.mp3
