0084ff6d1a2e9e02b8eef901e3643ffa9dfe63fdb2a35d08d7ffd56c42567804,2025-10-09
00dd0337276ebf3440d3dda1c017f5470755f557503704bc2c6e3cc024b71cda,2025-10-03
01e873fbbd79bb19abdb31e01fe924ac0c90f4472174d4119eb78244b85516cb,2025-08-29
02803fd6cac1a8878ddc6c600da824b3e9cefed34320415fc7bd98adfbffac94,2025-10-20
053c20569b46f84aa9cc322509ffef329ca7ef40e75c5ea76dc0670d58c5c0d4,2025-08-22
0578058470cd5135cd34c8705bd35ef50dca2becff55898c36c74f65773dbed5,2025-08-19
067d8de3b102bf44967794fee42d1b912c029ed1dcfaab1584775042ba4bed3f,2025-12-13
06c8bd75db1f5627a6617dc89694a5ce0e6ffd9927534be4c4681a3cab7cce35,2026-03-30
070a6bbce1cf027cd625789e05be42b0f81434923202b1dd77bf7f6cbef05018,2025-10-06
07c9423e60d0492763e85fd5c8f5c1fedac12c5855760bbcfdf32aaa05c61258,2025-12-23
08ce0de5f893e93fe98a9120057b960cb391d99901a5f90ce75cde237d4c039f,2025-10-24
08ea23e3cc64fac2e47a2360c5a1fddcd488afc52b0a39c3be54981b3273aa9a,2025-11-29
090b53709e102ccb74822f63aa7d1ba967a8eb5057f40132ccf4bd54a4df2571,2025-04-10
0b73cc7ef1ef242b69fae1f262caa8831a4ca19168551068577b29c362213c2f,2025-10-26
0c492d501bc3547421f262b42e3562da80871c78924f6a19dafc3e14eeb7d0b5,2025-08-26
0c5100ccd1d93ed026164ac852ef91830345ced01a6e702f50aa930a2a0277ab,2025-12-24
0d4f807747f2d4eb046aead7e42fc2fcba7be95956e66fcc2342814ce68e31d0,2025-11-15
0de0a80953f134348ae3c42da70113241e6f4a43afc00cce3d1f6756ea667a30,2025-08-16
0e1ce372cd8e876eb0b8b72fb0eb35c99d13273938eece40e603416f9a9198eb,2025-09-13
0f03b12e6f9799dff83fb0d0b720ff017d09572561edc884d22e333fe5e57c41,2025-09-12
111e97ed225f8db606b11566ac9d77c7a9f4321835d5201e14f320463333cbeb,2025-09-04
11ece8cf2b4e45631d5cf38ff5e480af09de0a97b914e01eacfdfe1ea42a19d1,2025-12-15
1291d4b2758c4c4e2a8a13657fbf7b031228d5bbb30f3344b2efdf5765ab3fc5,2025-08-13
169be520878604f7bf6af75b63339ab6a8fedabee4e2ebb3794ff03a3bc2a789,2025-08-06
16dd1b5e092fe71240b792f1badda4d4ab1e9934deb3e2170dff754972c32b98,2025-11-22
171736ae26f42ec48f32c13f7e1b838b362b25b8750a1f7dbd8550f34bc74960,2026-04-19
17961490147849c5d00bf352dbd5c30cafeb680986b73559c8ca2731e63a4d7a,2025-08-18
18268c12f980d253ba89ef65db941e119456cb9e56a0588649a67d3d6f2d9b24,2025-08-09
19ee799fcd8e6ac6a6c578d7e660648ed6513ce24e71385a50ed7f6e29b9a56e,2026-02-09
1abb15854a764d3e1432db6df9e8a7b84d9036efc9d87036e7775ecc503b2e85,2025-08-07
1ad4a57bfa04eb47a11a72b39492a6ff2033022c1a16ebc5169bcd6db0a40406,2025-08-25
1d4705c476c4c8d08ff9954698ea89d8c543eed31c1c2fe7ec314b51f78b5b9e,2025-08-05
1da2552403555cb913c129ddb077d2394361a3df50080f7bedb095b81bdedeb0,2025-03-20
1f889feed06e06da49eb2dba5b50aced4fbbff4179e346e2b1381b9b664b2338,2026-03-09
20d4a0b74ab2c6865c07713dd73da580cb6be7e72550a4a719564387ac7f3211,2025-08-31
222e061b091d507c838fcad854f86b43edc0d1478a26128dbaaf2ee6cc0f6926,2026-02-12
227b9ca7db2fb6e4e6a3bc5b774a0d9fe3a1ba55d2bd1f0267b0e2143868c744,2025-10-29
23db29b7ba7cdef2fa6f2258e41aa853ae5c8fdacbc38bd0ddfab581792d5ca2,2026-02-09
24fa223478955e8520f68168fa737decc23b7a7a1310569f8a1c06596b7c79c2,2025-09-10
251576493ef40e28390d595862c2e1104c17a589f6a886f6eb66d5f81ec3b260,2025-08-02
259359696b9db2bf7f6c810923bef6bed9c3486651961db33fecbc460505c665,2025-09-11
259e9578f00f68feb68216ab3c26e1973a8847a98c022783ad19ac9891545c2a,2025-10-30
25d1ce6ea01733c267f0b59f89c3c137ffc844031b3ccd15755fd3107e5f7060,2026-02-05
2661dc93d41b644ec94268ff48d520d5e0671d376c4fff9be4cec03aa10bebab,2025-08-22
2790b0ddb14da9823f16b9d0d30fbf7b6c0513506fa82818b0e2a545d5833e1a,2025-08-18
280fa5195291de20abb7fbefb807c2f4a5b23f541ef295d2aefc05d2f82623cf,2025-08-04
285e377e621e8e98a50e1eef55d8c3d89e1b1bec38b38363fa59910ac9d02664,2025-12-11
28a80bde51c36696ec8b41e95fafdc0b13fad9b5c5516e9f743d7921396c164a,2025-12-23
2aa86537f5340d6ff2ab33438d0f7b56ab98de7861336cf65aed99ab65e72368,2025-10-17
2b0f78ff38544c75272a7c0a6b6d1ece0fe4238bcb6101d6c3ded2e236484bb8,2026-02-11
2cb6e18c580eff3aee36f42b65d21cf4ac64d0b657c1e03b0733c69bfdd831ac,2025-10-15
2ea0f2468785d9ea832e20306d9eb054af47cb3ecfe3cacd104ea296df2f69d7,2025-08-11
2ea4feb6ae719a780b82c42d59ccd252ebd67101828f58faffa022e3d10005c4,2025-10-10
2eb4b0adee2004b233973e7af134fe9f1d489cb7393ffeafc58010444105925c,2026-01-04
2f7e5e5180d8f2c79a898d78a3699cc068594b792d0de67d79ef70a204ee7c48,2025-11-11
2ff88a4d1231659bed5e39d3aeb0ea1cd902658da9d83955f5f5300354127081,2025-10-07
2ffc6768060435ec6b994ad588f88716a617f24086743116b470836fb75f29a7,2026-02-26
303ab530954f4fd4a7424de19cba1f4641524d07468694d2a299f13e72650c1f,2025-12-24
3122f3be47ca131f7a76a15768ccdc7d156e31d575f9bed86feefa219bdc009d,2025-11-24
3240dd53245284923500e0a607769c9492a0e2c6496becb8b002417dfee13eeb,2025-08-30
33bf5ee71acd586e4bf0de678f9816e1c8e6b8c6225a5942e79bfdd33f43160c,2025-09-01
34522cb9ad4d417f3788a554fac9675ad58263f047b7cd6725fddde3ee4ebe68,2025-10-06
34e5337cef522890a65a3ba810b5eaa153321fc439273585f3d01ceb6c49617a,2025-12-06
37200f6079e72725efcf991628516d71c4373923994d35e7eb22a2909e516558,2025-08-26
37bcd6297994d9f17a54c46d1607511e8c557606f1ae5ea713f0bb7c166a2bfe,2025-10-15
380e9d71c18a1312123abf16e14ed35a23959a69f11413ea40c72ecc42bcf87c,2025-08-09
38a2969e95b6bd9adfdadec6d48986e10062fb59a1e0c39a208f5e7144e498af,2025-10-23
391d00fcba28f40eecf3e027afe760b675e10db87cc0fb54343f103879202973,2025-09-21
3952d6d4d58e134e235d9235ff216657d91c781578ee90b68c031f96617afa1c,2025-08-05
3a2008d1f0266dff3baa795c03a0806d680c3a84d565dccf46450a9dec21bc42,2025-09-20
3c6ce9aaab8641c7f2540c3b910413b3e1dc81a82c301c2490a9286a6bea8d36,2025-10-12
3d107bc27e9847164ca1bb07520e7db54b2cb33098872f5fd2df6b295a8bb1c2,2025-10-10
3dfe13dd7ef5d0644ef79a84ed2472ce13a7a777078eeb835419e900440836a8,2025-09-09
3e1f5b5a83fd3eb81c6573569976861de3c755c4de534b9de37b0708a6f607e2,2025-12-04
3eea8d8cde306c2ff98c3e450a6f30b517c1637b2780c0658028ca2d8c4eb6a2,2025-12-06
3f23ea21c1309b10bcb3d1199e5e40e2e78d3fa1cce612a615fc7f700b54ea99,2025-10-20
3f3b557f181a640caf5c2d1e973512ecdccee981795276bd74d0b091c756eddd,2025-10-14
4016320c1d22ff5b43d1d79399396ed9cbef98707d39f3ece35b393ae738870e,2025-08-24
419bc5762789ef067f609b18817fe6808f4ac74032fb7e687a254aac0ede791e,2025-09-15
447bbe6f5bdd28ea6dfe2c48f4ca036f593c90c85bd050726acbee09a2381245,2025-10-27
461926450a5423c02b4a0d6fcf90583f7caf93adc9437e8d6b683f7abdd377ef,2026-01-27
47dec9b10a6829e0c5e91d204c3a078203a7e4f77bc056e1953d7fc2d8254734,2025-11-15
482817449fe86cce812c06a142ad0d6d2c4a8d7b06d5f328e5e45bce4a7d0a8e,2025-10-11
497cef8c07cc8ec8b4c92a2209c0d917aa8ede81823c75dfdaf23e29c09fd958,2025-08-14
499a4d7dcc2ccded58ad99e8db2ef3235af1fd1cece3a9b1baeeac8407a575d9,2025-09-11
4a71a51d200b2b9cc374ba813b42845d4fe8174205bab12f7f6ef41aeee208a9,2026-01-06
4b61846baac6c3f7ca3ff26cd5bb01939f6bdba32d956bcd0db3e91378ecb06f,2025-08-20
4c5cc04a91933500f058b81da891943c97e5c6bc00f47dcbb82c2122d9c8ffa1,2026-05-01
4c610c4f6130c793271c844e615d19e10a88ff4b5b3c21ba0d0af376f81fbb54,2026-02-08
4cc9efb021b8e1a46a2e6f3d347a2bdf47b5d534a3382e28d7dd226c6385820e,2026-03-13
4d2dd68abae6b66f9f147f19f4812050f147bdc62d2730c43f049eca0bb29877,2025-08-15
4d405f825e71c299b7de99f0c36c990df425e2ad8eae1054e8c1076739968915,2025-08-12
4ed376a504a9f7db9977732b2c8eef301909dbfbf23dc6641b115b213a7e87b6,2026-05-10
4f5a1c82894dcddf80ce1cfc9cb783667eb8fba93fb40a9b9b931c438edb69fe,2025-09-06
4fb5c2062f9e988ee24b52c3fde4baaf1cf4fedeb022cfd9939328804c6f2272,2026-04-29
51ed69d189f7603a1b695cee59859e5ab69ca9d1231e7346545346e264638681,2025-12-05
5368900483a9a9d9a877b3b641fa0aa34ea85db5ff8e0501ed0a617bbea24bb5,2025-12-18
53fb1bfec59dd0b6c9e611284df2fd2ba08e9421ddf6b8b87ff6448a57b5d02a,2025-12-14
54df21baa5df8ea057f69239207b0e8857ae5488a45c916f8f61fd2f77b0a2ed,2025-09-14
55083dc49995ed721add05a4b4861d6ce1bc45380c851a45f7166693f1ecc6da,2025-09-30
55d868f48f50742b07aaaf116d5693cd22ad8465316c47984bbf55170ffbffc3,2025-10-17
55e7f9a10aecda9be90a561a2bc57adce37d4e8bbbccda4070c5c5412f5676be,2025-10-08
55e9d3d622b3c54a3dfe62a303b9fe5e1ba263eabb5396c034e62b657b498b3a,2025-12-07
56945f51c259e4fde1847903bc3c6ae41bbce280cb94f8a5bab976daf9b9615a,2026-05-12
56c9a27ff60b74c3274c0bf6dac8832429125be1b074c2d7fa8d04c029424586,2025-09-29
58871d2a2eedbe3c3e3ea6dc8756b18cfe95ee63728ffdf2d0942d2112284e35,2025-10-13
58c8e2a1082d0b9c195b76e2f06a9bbcfca0563138506898d88153263fdb4872,2026-03-01
5abe2eb99a2b3b4c91d29322e19075c9f0da199a385efa9f45040215e7fde2b3,2025-08-28
5b5703732a907456de8364aa80d482ef773d50912e2a594910083bf86ebc9d74,2025-10-11
5b796e8912ef1d8125664aa4212acb4a16aa543e92bf82ba296e6d2778b95d3a,2025-12-05
5d4f4222ebbb04ff65185d81c60c12e10556f48c037e571550d0c1b3edc9b5b8,2025-09-02
5d956a8c85e4315fecd7770e35e3941c9eb2bb7d69ffc9e2acad861c34a1bfce,2025-11-18
5dd2c885f19a2303631d01bd4ab66f4a84bb3ab141c2973f9ea19eb508d4e2a7,2025-09-15
5e85ef8de2a2daf064208a0fae445e036300be497622e28ad532dcd2b596d48f,2026-03-04
5edf95d8440922d9fbbe82d00d3b5655cf32cf378d9c186e4d377e7d0bcc33bf,2025-11-04
5f4cb45c98b9b6a5b5a98decb1ba76bd96b6aaeb051422df2e0a4511bfe05e97,2026-02-14
5fcffc6ef52592a7005fc14c948ce71d60420fbf1ce8fe70422db6684cad6e7f,2025-10-30
6074de60e495379cae45658f5f8bdc88fa91772a34fea3da79dc850a6cb2e327,2026-02-14
63cdebc16f681383466377d77436c8097da6fcdfbe7519db4adbca53d9295433,2025-10-19
640061b46c088cce1b52a46b9d578c1837b72c75a98b9b1b8b107924771e1f3e,2025-12-20
6654b08eede515d9bd30673d66830f4f3967990cfbe817e40ed853febd99858b,2025-10-21
6825ac714d24bd5dc1862a40d58d676659a83e98198a981ca0a8e0365ad77f8b,2025-11-08
6847fb4f45d35b87b88687d5bfdea3faa2a58fd8bb04bc7177a1812af5afcb18,2025-10-11
690c5ebb1f7391fe4f3878c57d1dfc6e38940ab7d6c231c0e41537e9b56c1fc2,2026-01-13
6aaf6998e22a23811a897155ea6575948cb8745fe379bf54b43f334e02af86ef,2025-08-03
6ba1f45d82343881e73220f5fa3c4228427ea1d5b6e9e19ac0d5c92296bf8dce,2025-08-10
6d3004835571ce62d0d48c480bec12f958ec26c1a2c2aa1b8362261e9bf2b782,2025-12-04
6db7d4b34b78d50fd5d02335b3fadc5dc82b2c62d5fc2a7ed2a9e82f06d33ab7,2026-02-02
6e276d164d124117302fe165bf07bf9f7de494311574e40416cf3dea9a7f10ab,2025-10-08
70ba269c7771924f2b461bfb9a7a79b7cc202f25effa076a53602632cec255aa,2025-10-10
7180033dbfa25982678ab639ca3b4a32970de27840527a7fcdc47bb161236a33,2026-02-02
72d1216006e7fd596c157b922cc93d12a7b7854c8aadf9b0b84324ed95ca9ed7,2025-09-03
72d51e5bd5734abcc29d4eb41d901e5b7976165d4d0c76f060dbd988a1b9a27b,2025-11-03
74940421533024f4c573a29dbd3ebe8b35e377802b1007121798a2db013a8bf6,2025-08-13
74a33bd8dd8c5fb6cad3055a779b12e4be771f12ba1e8ddff6584ad96334af88,2025-11-27
74db3a96c6b60db4f1ee9eb834f022bf898f48b6c72d35366a8bf74ca32eb162,2026-02-15
74f5950e27b785644282d8b9bf5c949330034a8a0ab68981c3c6255712594808,2025-10-08
759f81b28b9409e507666c35bee1668817395fe92a5da292b1cc69d682d754ce,2025-10-19
76ffde3e17d3220f4e12c16b8ef2e28a76f39b9bb082dee826e22c0d356e0c38,2025-08-01
78a0c9ca9db21df45ed006817031a40f6e6c757bb52ba9a9929fc36cc0df3ad6,2025-11-30
7a2a28a928b491c95a7f83d666995764f1e50181223fdcd44f08c0b780483ee7,2025-12-12
802177e2ed7a61539f57f53a9a316f581cb3a5c81fa50740a800403952a57391,2026-01-25
842139047e8350bf62aa12ad828f768c4f683b973ce8a7611a851a3c6763b281,2025-08-09
843b572d2f6141cc9300c89d6b35daa17529d13fe3192442c6302534c4784f5f,2025-09-27
8523be78f0c527fb6d1043326cb9692263628cb21d5351f0bcd23c495e2f1868,2025-11-02
863eddfdaf014d0b3c79c9d372d4a9df69b7e1e07e863a954280bb69a83c2327,2025-08-16
8685be85871000c441ad1e7fc94198b7ba6eae06434a23c50e192569a4d92a1b,2025-08-11
8694ffa51ff349b2db5d7561695a53e5ff96bab6e3190d515a613c98bc82bbf5,2025-08-15
8789bc592b73714ce968a33dc3db027e1af86f2f87204c8f94c1b36bfed67133,2025-08-11
8d6d2f1a3b6ea4d7c191108acaea82d285554200c2b4fc7831273b8ff32d5054,2026-05-01
8d85697c2d0bcd0f48382934c2c576e38552fe8d8ef7e00660c2042541ec58c9,2025-09-20
8d9b6501060a271b92cc1b2c2f5c5a9d599ac2ad0d98f79cff4e81c3ad21257f,2025-11-01
8ec6b7f37b2310769753a16c445bd7f0e52783c2c5006910c50cbf1e580a9a7a,2026-01-30
8f9a17416b96726dc9205e8eefbef0908f62a38b2ded67629e2b1a9099675941,2025-12-03
8feab0072f3b3a759e5bda9cbd930df9002062fe10a68cac534b726c7efedaba,2025-11-07
90be87595d7d993f46411e5902f686402574792851293c85ee6a7f691acc1083,2025-09-07
92b6d5cf01c0a970c3cbea905c0cac07d6b43ae0f44f32dc7decf007cf2168b9,2025-09-19
92f24a7c65568fc1263521c92e8cf1936e80ba06d3450c21c7c0c2e541c371d3,2025-08-07
93ccd2fb4093be80fca138166088729f10d84c7eb5062f4f570e48115cba7f84,2025-10-01
9400340f7abf2c6f26893bff77be67d129c39bec7c17d8fe38b66c0c0abec481,2025-11-13
94d0d50b0714b963f1a24f5d42bbed858af0658f4335a947ad39016259e47143,2025-10-16
94fcc417b617a5d60c4b3ef4f491c1942b391f04509cfeda962184fdb67bd34b,2025-10-25
959ee9920c61daac0d9b07358d7f66c4ef4d37e86ff76a0c2f28b57839668a17,2025-08-11
978b80c87aebb6a8698701db12da90828d31510a201bf94f10afcff6ebf615e6,2025-12-24
97e117f6a84d765dd2ba9b5940bed55a81a5b059d3f7e37ca15ced7348d82c31,2025-10-19
98c8c3c572c71b85f0a83eaa15406e4c4f3fa38ae39d085dcba08c4831935927,2026-01-06
9a679f1e07bb866445c9670bc74f283c4073c4ba597a7424f8ad6a5252af5f93,2025-11-08
9acc0895c06885ee4e47a30e232caff66bbde092e455a4d862a4273c84f62d9b,2025-10-02
9c8716c091f08ac3130620b9356819e9250acb5dfead949b93ed49a2820c2f57,2025-11-03
9ecfb2c1b0ac014b0a674ee9020adfdea224938e0dc9aa83a8ddc2826eb86d83,2025-11-10
9f9d4b9c7e92424c9999afcb68dfb3f697afa7a2a3690a2e433b13ee8c796a66,2025-10-07
9fa33abdaa2688cbd72be38d9f5b6d765a3ada3b151af9f9cf4ac856c13fd53f,2025-10-27
9fde709adbe556a0eef6987a58f68ec4c5c7a25c2e0b20d551063fd6cf0b5c48,2025-09-26
a207ad878d2bd41dfec6acb1e5a57669a21a5ce934d7e0e7315637d7150c7f55,2025-11-07
a54b1c75b63e7b5ded5b8c4acf18cb15fbbabddc59ac3bec1fa3cc3a8bbe9a83,2025-10-06
a62274d998bdf2ce6e6fe8458ec323a3f4985b060f9c501c9fb359ab8b6ede10,2026-01-05
a632e2ed06300b0dbc0089c43262d23375a5451cba702d9ed598bf45b788ab47,2025-10-23
a66f37f52edd9c59a2334054131b4e03e96cd10674f8e27fa52a9595779087cc,2025-12-19
a6fdf8b412a4e436029a7f030c7722fe6cc6fb3f0c826099dc065c93b70148a1,2025-10-05
a6ff7182b3dd5e39d46b161483da7ea8bd92dcbb740f348549090faa48d4fc44,2025-11-15
a7cbc5aef5152e295191b766ad56d8981d2cdb6c9c6e3baa6f11a6581550f80f,2025-09-04
a8acfeacb35b7a9f5f880ce82e987199f228065572938f9c9417b40cc7c900ff,2025-08-05
a9ec623cbfa631a58512a6af929846f29a53a2796453cbdc98bf34f43ba739c0,2026-02-18
ac9f9cae4e0664dfb186c85a7b936920b8dec296193febccdf2f40932779c3e2,2025-08-12
adca9961aab54607f28f0a98a6e18bbe683f7921574962e6fa73ad3821742048,2025-12-27
ae466625a19cbf76b162104dc3dff8a8abdd0b262072e6bd1fb5b1d684fd32ff,2025-10-27
b00efdf916fe9ea24ddadb56e4208f4becc10b610bf9b3d8953919d7a6aac00d,2025-12-30
b11dd14e0d8cf2b7b29fbd4d8f50dd12c0e39922f09dd2801da872311d3e93b4,2025-10-15
b32d1e0f1050a23d39447441150f33ac39e4dce54d129564ce3ececdb5973276,2025-08-23
b6bbd2ce805ccff5e71aec9163c5d04934fef6d127e96cf7485783b12efc0e17,2025-08-14
b6fb3d7b5d92636518b1f4c4156399773ad61ad332f176ee2af529606e87cbd6,2025-11-11
b769ac4df4657128b5ea6cb7c26be713b3bfd9c1ee3e069861d884088d0aca22,2025-09-21
b7ffcf1189a8115ad154497ea46e2f9fb0b887b7cf5874dec02f87fb5a3916a7,2025-11-10
b8b6530bffee2a13280e518a752970f5e4f875f6330b80ba3200918e858e35f5,2025-08-20
b9bf0673b35156ee295c51e0616bc29ba79546ecad0c0c48f6eb543dcae507ca,2026-01-04
bad321c68a7166971c930a5709ccaba3b2a947bb9b2a0fe226942bef7cbd16cd,2025-09-19
bc0f019581252d6d8368a26de93b2781d598a0a6669d2f32ffc6e198c8e31fc7,2025-12-22
bc44c80147ffd1c79c31e031c304a9f67ec551a9bc2ba342046a50e02b99fa95,2025-10-02
bcf1733ea58d638b4ec8b47a181267cfe25bbd757a117055fc2b65bfb8c7aa10,2026-01-14
bd6203df11b71418a3d6b655a76c82b4a5af79d53c26f6cb6cf72c6ce10a8d2a,2025-11-11
bde18da33de41919f408f0cae3e12070baac48e42297dc38e9c6095ee2ee9465,2025-08-17
c1730c0d7b5041028d7c6f5819e0278d14cfb2d3cce6ac39d3de2aa35b82517d,2025-09-22
c317d737dedff073e802fe23bd907f48d2fb52568d685334b281dc1ac31b6465,2026-01-14
c4e40a766e176767f43df853851e3dae84110ffb1a359363f677e39fa70db708,2026-01-02
c59eb373d54ea1981d95d9edcc2310cda2b937691c2e6016577a6b7f5ca2bdaa,2025-11-15
c7429b8db94b85b2868254e890092d2f1f726fb336107ed53b7b5fe8821edec6,2025-08-26
c7ce032a56d58d2b7fcaa6746c22f89380b42d49a29cc4c5ecbc27e86549013a,2025-08-14
c8b6ef4db0b749cd8d14be0fc6c5565852f603c2ddfb7e2e0e16ee16a439f83f,2025-09-23
c98225bd20b572a31ff15662c0002e7e7b696f528d057663198879ffb6f77466,2025-08-04
c9e2fc48a10c4993ede7de80021083501b016c7b6c5c87eed4dcbc6403c7228c,2025-08-18
ca02bdec56314087a229a80f7838bf76446885be8e5a4eacaa8bba0b2abf82f7,2025-10-14
ca4418eecf7a088a9d6ee415c2490a8980efe8ad86302e98db56fba1b87a47e6,2025-09-28
cb66a8b62a6936793ab265e9817d17ea623125ee1ba2e50deb9efb264b9d4b29,2026-01-21
ccfa8ccc18332c596d352e03a7cfb7e7e9dc3a82dfaf181c4cf5406c15f5a630,2025-12-12
cded9ffd486c075b0a7896416a2bbd5047b7fc549f859658ddeb8e3a95698d4b,2025-08-06
d0bbfd257826369ed11e68475a0429e477085286b4f121601cd4a4174c6c08f7,2025-10-28
d17c5f39cdc6e994295d7feb9ec42b65cfb1a6c791decdb64769303347386778,2025-09-04
d3514c301139d7b99d02ddaba65ce57b16b391e8b474e8dc8735dedda12b8984,2025-09-17
d54489e02073bd5ef5f8faee7c697b9d26612722f53c9bd5707de0ee0eb320ff,2025-08-08
d624f250d16a752766c7c8ddf2cbc1f88ccde0927dea00c95cd77044293d0adc,2025-10-04
d7814e118a601f9777ef1d3b634a86278e8350ddddae93e92326565cacf3f119,2025-09-25
d863e9ece706304e6844c41e3387dcc36abf32799d16894ab53d2cdf30151cce,2025-09-14
db24ec21701db8f7b0e7acd1ec2584ef315cbc41a0e12ceecb461a51c0ff4dc6,2026-03-13
db340aa8fc6b06095a2cb6d711eb3a09e10dcc6ae3c35d70c01acce6c835b907,2025-09-18
dc45919f1045ae11b4fa0f23fd7d8d6ac0b1380772cf5a59d237b6066fd2d6d1,2026-02-17
dc8c33a3a6dcded107b083bb7f8c68fafde3883d05dce00c7ac63de1e2a39fdf,2025-11-13
dcddde0dee639174e744fd300704a835569bf917c428fe20c8eedb998e8c3fae,2025-10-13
dd2802662aed14d0a4afe0ca713b4c535da5e3ca12413de1367b3253cefa4980,2025-12-01
de5657fdd90d1bb94e7a8ed4ee7f8a2202d7d9a06f762cc21caf440c8cb09baa,2025-08-23
debf51fb7f26944d06714c05f2601fa8dd17a7bb242bbe9dead08c5ec94a09df,2025-10-14
df03d697d4d65a18baa053ea5bc60751a399253fe1752582c1eebd4de3d995b6,2026-01-31
e12ae320a6d5bea5a4653972cf22df8016139e59b4b0c895e91f4af4507eace6,2025-10-08
e146ff52d67f6ac052a7521b7c0f7250b4423ada9ba4743fc077c3b5703340a6,2026-03-01
e1c5cb776738dd9c1903035ee6a09abcb1cf44f76be2b81a6518eff7ab20687d,2025-10-18
e31270c94a30fe3387454c9eb37ddb47dc996f4ca4c8d6c57833f568045cb31c,2025-09-08
e312d4dd3f6740725295a612eb1017bdf59416d27195202e8b3c6e727df1f76c,2025-08-21
e56cf98ffa98fc683d2fe97b77014c25f80d8972d78c6cec8d7561bcd5bf7036,2026-01-12
e5afd7ea1955bfe005efb3ea8316c4f82f4efb02b2a7ca654f69529fb3c67e1f,2025-10-16
e6c2f5c8a3d31b947f9ac6332fb7434d7d60c53ede01fc405b7dc010c32cdea4,2026-02-13
e7673eda7090973ac163ab7c8dc14c065fed6285223ac373184d0612d236547f,2026-01-03
e780f40966b7a2f1644550088b322c350830c4d47fb7c11bd7e66230fd2272a7,2025-10-12
e7d47e030b6f8d84ccb8db147070089995cbc1268e41079b71aaba33dc54cc4c,2025-08-12
e8595c7cdb27e52c3d3a2b410674e6d482c7f3364ddab48146eb9ee4930d8cc4,2025-10-24
e90447a12c23b835059081d7d5e590e0fc35880f8b74549dee003bb77f6ddd60,2025-12-07
e9128dfba60377f34dce183e5dc0060a11c0b23e01625c20f9cf06c203c8512d,2025-09-02
eace5605666245636de5ad119effdf6f2350c435d6d7ccfd726ae793d96510c1,2026-02-10
ebaee1a75b588ceebce1459257914f5ef4fbc092081463c11ce97170531b9eb0,2026-02-11
ebfd64ca5786d3d64fd6f0eb0e535f281c0c7ec97b1f375f170193c6ce2937a8,2025-09-24
ed5883ff28973371297b78a736fa1ab4186b22ad242b6b0010c659c0338ff138,2025-08-06
ed78e7db1ab3f0bc8528459d05caedfcd7d9636d9cdb884ad1a3ef155dfb23d5,2025-12-29
ee2ec2bd9df628e7aca02bb8899add2059413ef635008574ecf3a540c8680e1d,2025-09-23
ee990f46dab22e9d26a9f9cd2f8673a19ca763f53a055fe362e2206bcb06d155,2025-08-17
ef83f2cfcee076db39a02d723404f155ff28d6dc824881261f184c2a332d47c4,2025-10-13
efe480c57fe5b8dba5b7e49881db957734aef39351af9bc55aa579f14bf5f9fa,2025-11-10
f37a2a4f9cb3be52362ac231b428508db6b9e8d5589496a04c8d1b4a09e259d1,2025-10-09
f3df5f9ad361099fd73e2274340018cf352d49353cf62ecbe75e9f80c6633e74,2025-10-29
f5e528e5b19d3f6c1ad337159ed6980373bc7a51409a84a60efe0c022b6e323e,2025-09-24
f71c19c46b1cb8f06f04990ee8c4d04d91776b349bd5aea2fd3cde5c3ce11869,2025-09-28
f74c459089ecd481f2ffc63f16b2081933f9db8b0cbe2484603be081fda91678,2025-08-21
f7e7a62dd0daf63e17692f9c65b504bb22e806d7fb0e528d3fa64b2841325dc2,2026-03-12
f8251ce7f8dcd1f9a3116a6cce4469b04b51518172de9d6bcc8b6d2c89e7e12d,2025-11-04
f858d2f3154fedfe4c104319adaf1aeb6680977cbf0e22f17edcf932da80acd9,2025-08-25
f870ca11194de9fd493430290c38541524bbc3080b52b7eb8358a7fd0efa62b8,2025-10-12
f9542f916b943882d5e6bcc23cb739083bdbeca100dbb2707e738092c7a1da2e,2025-09-25
fab6131841a6d7b250cc371680bcf5db16c0071e462ad8dbf3c8a6843ae9d1dd,2025-10-11
fad8de78d2a95b16f91cf3e21e918d75549a179d35a8d3cb7b2dab57142db4fd,2025-08-21
fc3c26dfe3cadc4c879f0abb3731bcece61b869f5273f344ca3725c37b175e17,2025-12-27
fc56ef1528a32efa0ccebfb79a84b3a794a9e850b08cecdab9ff4ee29ac09013,2025-09-05
ff020c5a4c07ceba22b029022e1febe527b777cae9e97c3a8cab5d254c1b0632,2026-02-04
66df6092-6775-462d-9cea-2953712dc90b,2026-06-12
