3-neprikosnovennost-zhilishcha,a62274d998bdf2ce6e6fe8458ec323a3f4985b060f9c501c9fb359ab8b6ede10
64213098db3bdac0,64213098db3bdac0f239fa978370acf3cb9b46171b98aa625d0d4c5e49e1e9a9
afeliya-v-cvetah,e312d4dd3f6740725295a612eb1017bdf59416d27195202e8b3c6e727df1f76c
aleksandr-galich-kogda,ae466625a19cbf76b162104dc3dff8a8abdd0b262072e6bd1fb5b1d684fd32ff
alisher-navai,55e9d3d622b3c54a3dfe62a303b9fe5e1ba263eabb5396c034e62b657b498b3a
all-our-programs-written-by,81df7cd0dcf471daf09018233ead92a019f209e668e6ae2398aa067945563500
and-here-we-sit,3fb048d358c648a997cdba41753a14f5b8591ca0f5785496fc2ade63b8d7fc75
andrey-dementev-ty,802177e2ed7a61539f57f53a9a316f581cb3a5c81fa50740a800403952a57391
anna-ahmatova,3a2008d1f0266dff3baa795c03a0806d680c3a84d565dccf46450a9dec21bc42
ballada-v-stile,2f7e5e5180d8f2c79a898d78a3699cc068594b792d0de67d79ef70a204ee7c48
because-i-do,9ecfb2c1b0ac014b0a674ee9020adfdea224938e0dc9aa83a8ddc2826eb86d83
bednyy-drug-istomil,ee990f46dab22e9d26a9f9cd2f8673a19ca763f53a055fe362e2206bcb06d155
beeing-famous-isnt-nice,5e963007-5354-4a04-a986-09e88ecc98ee
bells,a402c5236fa7b675a335f47cbc99d1869549da3eefac63a2411016bf5f838d34
bezumie-pyshet-pod-tonkoy-koroyu,a229c09ca345541c3c8aea48a26742fbefdac40ea3fbc83de8cf0cd9c6fd66bf
bili-kopyta-peli,56c9a27ff60b74c3274c0bf6dac8832429125be1b074c2d7fa8d04c029424586
bogatstvu-vovse-ya,5706004a31ad4c6dab8b27e622dee54a4cc270dae8905c545fa4486b72ca5d27
byl-domik-v,8694ffa51ff349b2db5d7561695a53e5ff96bab6e3190d515a613c98bc82bbf5
byla-zhara-lesa,f858d2f3154fedfe4c104319adaf1aeb6680977cbf0e22f17edcf932da80acd9
byloe-ne-vykinut,285e377e621e8e98a50e1eef55d8c3d89e1b1bec38b38363fa59910ac9d02664
bystro-molodost-prohodit,ee2ec2bd9df628e7aca02bb8899add2059413ef635008574ecf3a540c8680e1d
byvayut-dni-korotkogo-pokoya,a2d2eae447293b0af05fb953b1ad9aaf82f47b7ff3d9397e997acc33a78ac701
byvayut-nochi-tolko,a7cbc5aef5152e295191b766ad56d8981d2cdb6c9c6e3baa6f11a6581550f80f
cat,cb9306ef-8001-4fcf-a1bb-dcb648f595c7
cf65b2186a922674,cf65b2186a9226742b9a6ffa9bd82602c64adee825e80ef38dc9305e55c28f19
cheloveki-dney-poslednih,1f889feed06e06da49eb2dba5b50aced4fbbff4179e346e2b1381b9b664b2338
chem-bolshe-ya-lyublyu-lyudey-tem,c2a171be7a96eb3bf704f6e39fad93d2c3e88c319bcf2e6df429c61ec9e33107
chem-pahnut-remesla,6074de60e495379cae45658f5f8bdc88fa91772a34fea3da79dc850a6cb2e327
cherez-vosem-chasov,a9225e411876adaeb1165e00784ddd43b4a49aa0617d9d7d767b7e4c88d1d70f
chernyy-bog,174e16c7a65295f1a4dc26d414475828835c80d96f240a5728249d10f2819eaa
cherpatj-pri-vide-sebja,abe0e4a5-9082-41d0-9e2d-8eb5b8ad2d9f
chistyy-osenniy-veter,28a80bde51c36696ec8b41e95fafdc0b13fad9b5c5516e9f743d7921396c164a
chto-novyy-god,ed78e7db1ab3f0bc8528459d05caedfcd7d9636d9cdb884ad1a3ef155dfb23d5
chto-takoe-sluchilos,f9542f916b943882d5e6bcc23cb739083bdbeca100dbb2707e738092c7a1da2e
chto-to-zhmetsja-v-grudi,92ee1cc3-ba7d-4b40-93a2-336c0a994491
cocoon-is-in-the-cage,c5f9bf3b-3004-499a-bda8-dd343bd3cfa3
could-you-imagine,a081d6265978ff6e8e52017a465f7a88c83eb79094060b406e328e424bd97191
cvetok-zasohshiy-bez,55d868f48f50742b07aaaf116d5693cd22ad8465316c47984bbf55170ffbffc3
da-mne-stalo-luchshe,92445125-cca0-4c29-a053-ace8dba3d773
dano-mne-telo,2ea0f2468785d9ea832e20306d9eb054af47cb3ecfe3cacd104ea296df2f69d7
davay-poedem-v,92b6d5cf01c0a970c3cbea905c0cac07d6b43ae0f44f32dc7decf007cf2168b9
david-samoylov-zinoviyu,461926450a5423c02b4a0d6fcf90583f7caf93adc9437e8d6b683f7abdd377ef
dekabr-no-ne,a66f37f52edd9c59a2334054131b4e03e96cd10674f8e27fa52a9595779087cc
derjmo-vsplyvaet,3e2005f92d3b0e3fcf0406e3fd2fa264dafb9aca434d6537251f2f3efd3673d7
deti-smotryat-na,2b0f78ff38544c75272a7c0a6b6d1ece0fe4238bcb6101d6c3ded2e236484bb8
devil-in-me-wants-to,e0ecdf0e-378b-4127-be1f-3505f67157a5
devushka-pela-v,111e97ed225f8db606b11566ac9d77c7a9f4321835d5201e14f320463333cbeb
dinamomashina,ac9f9cae4e0664dfb186c85a7b936920b8dec296193febccdf2f40932779c3e2
dlja-vseh-kto-zabyl,922b7e6b2942ed27865ca7c6a4ede891f0dd0573ea75fc9e531e1240b33e4eb7
do-not-stand-at-my-grave-and-weep,31566a5a-3728-41a4-b880-ce1a8563d87b
doktor-gde-sredstvo,2984d2a4-c70d-4bab-a3f4-f87b0c5b2d7f
doktor-rabovladelets,ef401a1d0134e3218314e67a2849a3a4d82830aba29c968eb1870885b1ffb8ab
dolgo-shli-znoem-i,752fa774ea00741ac3924418fabd366030b8da5f36edcefbee0e83217ed524d1
dolgo-shli-znoem-i,fae045a556f42e439b8d70d51b8c8732dd73bde2799405f15cde3b38659ee4ef
dont-have-a-name,256db26c-48c2-4957-b6c6-fbaf96c3c121
dont-spare-me-a-lot-of-time,5d580ba6-ddc5-4680-b41c-5fb15f7985bc
dorogi-prevratilis-v,0b44fc2698bda9be40299eaaa78a18dd5b612577bd0319640de6d279d442a56c
dve-ptichki-kak,797938471f64689bf38f6025ceb760ec632014e8e30c4638cba567bdf2894e60
ef0ff43c283efd6a,ef0ff43c283efd6aadd06763e6fac64ca7f1109f85945e836390178cfc38e24b
ego-dvizheniya-kak-kraski,ccc15994e2c8a54f06a70f74478a6c4cd6db55aa181f5381bdbd105c0e9c2bff
es-ognetsi-bolorin,2ff88a4d1231659bed5e39d3aeb0ea1cd902658da9d83955f5f5300354127081
es-ognetsi-bolorin,499a4d7dcc2ccded58ad99e8db2ef3235af1fd1cece3a9b1baeeac8407a575d9
eshche-shumel-veselyy,3240dd53245284923500e0a607769c9492a0e2c6496becb8b002417dfee13eeb
esli-b-mog-po-lune,c7ce032a56d58d2b7fcaa6746c22f89380b42d49a29cc4c5ecbc27e86549013a
esli-beloe-na-belom,328b09cfa23adf303f82cf3e1266b97ff440455bb3bcffaa86ea2ac29bed72d0
esli-ty-hochesh,e1c5cb776738dd9c1903035ee6a09abcb1cf44f76be2b81a6518eff7ab20687d
est-dushi-gde,4f5a1c82894dcddf80ce1cfc9cb783667eb8fba93fb40a9b9b931c438edb69fe
est-rechi-znachenie,37200f6079e72725efcf991628516d71c4373923994d35e7eb22a2909e516558
eto-forma-stiha-kogda,9b6ad656da1d1b601e1080631cfd12044bbb859fe92b16b94d0b32344f496d9f
eto-poshlo-i-stydno,e3adf87e-b3a0-4d87-ba7f-aca9d26944ee
etu-knigu-mne,9fa33abdaa2688cbd72be38d9f5b6d765a3ada3b151af9f9cf4ac856c13fd53f
every-morning-i-top-up,affa50b6-6bf2-4565-881c-d909797e710d
evgeniy-evtushenko-day,978b80c87aebb6a8698701db12da90828d31510a201bf94f10afcff6ebf615e6
evgeniy-evtushenko-staryy,bcf1733ea58d638b4ec8b47a181267cfe25bbd757a117055fc2b65bfb8c7aa10
failed-attempts-at-self-expression,2e930946-87c6-45eb-8d6f-3e7632bc6646
from-sunset-to-sunrize,7d69c69a-3350-4db2-aea1-93f79de9a302
georg-trakl-v,497cef8c07cc8ec8b4c92a2209c0d917aa8ede81823c75dfdaf23e29c09fd958
golova-svini-na,cb66a8b62a6936793ab265e9817d17ea623125ee1ba2e50deb9efb264b9d4b29
gorkoy-rasplaty-zabvene,f7e7a62dd0daf63e17692f9c65b504bb22e806d7fb0e528d3fa64b2841325dc2
gospodi-day-mne-son,7e019cfb58986a357c61cb43d91c736f6722596d64c7888aab543dc03d3107a1
got-no-feeling-in-my-head,4d1373e742b060bc140447d6db9483ca1db22e9a3a413c65b3e81a1d98e90408
got-no-feeling-in-my-head,f579e93b6d76193891aa3796ca56ae383d2c165bacccfd816fae4a669cb64646
goy-ty-rus,c98225bd20b572a31ff15662c0002e7e7b696f528d057663198879ffb6f77466
guitar20191127,cf4d54692c73c2c4c894d57e170348440a96ba368db2264f5b6c8cd2d837e3df
guitar20191208,62c400dc5d6dc3c406900b8f36ba06c60e72e1db64484e7f7f1536d6e9b35019
guitar20241127,44ddeb8f090d082ac7cf527da95e9a88d3114feae43e8dd5c210246910a5a0ef
guitar20251125,bdd937c4fcb7bb11c0ccc3a8322cd7a23c1a396875862b709d0d74348e4ae97e
happy-birthday,561c049caf2cffcf954819123b6bcbccc8f264d18a7fdf5d8900f295fcdbd02a
here-they-are-pale-sounds,aad01e3e-7492-4c1b-a349-3811eeaa7db9
hotel-by-ya,92e4ead0980c3132e88265d8ae33a1f8e35736f750c818c78ecdc68fd80db49c
how-do-you-do-little-girls,e53f1e08-acc3-4688-9646-3ab1c43e1c9f
hvala-izobretatelyam-podumavshim,19ee799fcd8e6ac6a6c578d7e660648ed6513ce24e71385a50ed7f6e29b9a56e
i-am-floatin-away-in,78fbd81fcc2176edcad155bc40c17ddbf7447bab92023d11e49db8cec6f28c8c
i-am-floating-away-in,628275d20837e2230cda475298a6ee3ae7a7c3dda1933059bee82bb9430a7203
i-am-from-kompukter-games,c84b2c22-cc2f-4b0f-9985-1d48dff23a57
i-am-not-a-son,6123291a7f90f4c0e7614bec85eba5a6cf943ec560623c7e72dd0c84082e06bd
i-am-not-a-son,a18799767622067a0f4bcc99d4dcc48855841c0834aa337d4c1a87b8a64f9ab5
i-am-not-that-kind,5c7a945db86f8b9d5a34b9e9b206b448773d3f013dbef95d31ee8e6ab87c861b
i-feel,2761587bec1246c8090c3c373ef79b613261ccc1a6577d8ef6e57cd684f8022f
i-feel,387672dc58890f5d3d6ed3943076d1fc7095542296ea27e01347ae8bb1f6fd83
i-got-a-sharp-tongue,9a8d7379-c9f6-407f-ac9c-00961505f6e0
i-have-been-for-a-long-time,c0d40761-09ad-4290-8410-5855ffa21fc6
i-have-these-things-that-ive-been,3ff0f0e968aba70863d9bf7903f56269d2d2af59391c19131d78e50155807044
i-incite-fear-inside-me-fire-in,bea6dd85c6cdc2354ae89865aa085020a8edf7b7eda9bdfa32e9f994121382b2
i-need-a-booster-right-now,8552d805-3b28-47ed-b56d-14a619adcc72
i-sokol-dolgo-letal-po-nebu,6b0a8405-aa39-4c43-a36b-379d8c43ee36
i-strashno-umeret,d54489e02073bd5ef5f8faee7c697b9d26612722f53c9bd5707de0ee0eb320ff
i-v-etom-dome-estj-svoboda,61015b1b-c8b6-495b-b317-69452cb6f04c
i-wandered-lonely,b6fb3d7b5d92636518b1f4c4156399773ad61ad332f176ee2af529606e87cbd6
i-would-see-before-me-clearer,87c32c78-6059-4ca7-a821-eb90f9e09372
i-ya-uydu,ed5883ff28973371297b78a736fa1ab4186b22ad242b6b0010c659c0338ff138
ibo-ya-ne,efe480c57fe5b8dba5b7e49881db957734aef39351af9bc55aa579f14bf5f9fa
id-like-to-tell-you-guy,cd4aa44b-103e-49e6-8304-9436d20b8512
if-you-can,a6ff7182b3dd5e39d46b161483da7ea8bd92dcbb740f348549090faa48d4fc44
im-saint-with-sin,5d1b80a2-7c3e-490c-81b3-35453b794778
imeyut-li-chuvstva,759f81b28b9409e507666c35bee1668817395fe92a5da292b1cc69d682d754ce
in-the-dark-i-have,65f5a2903421faa487f3b2f2633f1f63bc9859a0c9a9e786c7444ba08daf1a2e
in-the-desert-dry-and-stingy,3ec05863-e5f9-41b5-95fe-83c8d1e97f46
inzhener-byl-bolen-vidom,01b8b993-d351-4b2b-8b7d-20072e39c3b8
istekayu-vremenem,6649fadf714eab19c38fb8eaea579da679141644c34daf80f26bf857c4087f32
it-is-strange-that-way,599b7f1add010a18fafe0b03bf29efb2a77117ebb561e7099a583b6beb8c6fcd
itak-opyat-u,58871d2a2eedbe3c3e3ea6dc8756b18cfe95ee63728ffdf2d0942d2112284e35
iz-cikla-v,e90447a12c23b835059081d7d5e590e0fc35880f8b74549dee003bb77f6ddd60
iz-menya-puzyryami-vykhodit-par,3c85658ed1daeee44d8de58d7b9a77e0e369a8f21bad637209aa428a824eabc2
iz-pindemonti,7a2a28a928b491c95a7f83d666995764f1e50181223fdcd44f08c0b780483ee7
iz-pod-tvoikh-nog-ukhodit,9674ef95-d83a-4bcd-9736-9089d601fd18
iz-teh-li,0d4f807747f2d4eb046aead7e42fc2fcba7be95956e66fcc2342814ce68e31d0
k-chemu-vnimanie,5fcffc6ef52592a7005fc14c948ce71d60420fbf1ce8fe70422db6684cad6e7f
k-panu,169be520878604f7bf6af75b63339ab6a8fedabee4e2ebb3794ff03a3bc2a789
k-polunochi-v,5f4cb45c98b9b6a5b5a98decb1ba76bd96b6aaeb051422df2e0a4511bfe05e97
k-seredinnym-godam,881c9ce4e74c9baaf3ffde65bbb9f7af8b13f1aafcef63042e7cab5aa2b8acef
kak-by-obmanuto,e6c2f5c8a3d31b947f9ac6332fb7434d7d60c53ede01fc405b7dc010c32cdea4
kak-mir-menyaetsya,a6fdf8b412a4e436029a7f030c7722fe6cc6fb3f0c826099dc065c93b70148a1
kak-mne-sdelat-tak-chtob-slepoy,31f778a6f1bcde7269d74d61291780c8261d12f2913dd08caecfad0853b11696
kak-obychno-u,e8595c7cdb27e52c3d3a2b410674e6d482c7f3364ddab48146eb9ee4930d8cc4
kak-pobil-gosudar,cded9ffd486c075b0a7896416a2bbd5047b7fc549f859658ddeb8e3a95698d4b
kak-son-proydut,fc3c26dfe3cadc4c879f0abb3731bcece61b869f5273f344ca3725c37b175e17
kak-tuchi-odinokoy,bd6203df11b71418a3d6b655a76c82b4a5af79d53c26f6cb6cf72c6ce10a8d2a
kak-vazhno-moemu-ottsu,49451ac738856446e9470b3da16b46e546e1b39e184bfba3d90ac8373c566902
kak-vykhodil-iz-sebya,3a746d2663cd80a15232e0b728d36c6014f553aabd1825c1578fb9a551a05f54
kak-ya-ih,3249fee2c1ffd6baaf863794023e89a40b17fb46a16497a926d66a87dba673d1
kakoe-nastronie-ty-nesesh,27998905-fdcc-4142-ad8f-bc65f031ec96
kakoynibud-predok-moy,8685be85871000c441ad1e7fc94198b7ba6eae06434a23c50e192569a4d92a1b
kazalos-by-nu,7c96affd8786993ca19439e12405a2c006d73a4219751a83366197aea7f5523f
kazhdy-denj-samolety,76a26a5b-06cc-4ff7-aa6d-3c669548c51d
kazhdyyu-polnoch,785b789361f7790aec770e8b87fe2f3bf078fdf6d47d23ba6792177f9851e8be
kislota,8e72dc4b2ff90a75ac13236dcc49cbf1ccf0301829206727e2426314689626c0
klonitsya-k-nivam,5abe2eb99a2b3b4c91d29322e19075c9f0da199a385efa9f45040215e7fde2b3
kofe-i-gorjkiy-shokolad,ba31158f-34b1-461d-9376-1e9f026d34c4
kogda-bozhestvennyy-bezhal,2661dc93d41b644ec94268ff48d520d5e0671d376c4fff9be4cec03aa10bebab
kogda-est-sily-vspomnit-o,5b77530a603a18d1d7cdb3c05fa0aaab7ba9588820e4a812dc99cd1e69645e20
kogda-minuet-den,33bf5ee71acd586e4bf0de678f9816e1c8e6b8c6225a5942e79bfdd33f43160c
kogda-na-ekrane,0b73cc7ef1ef242b69fae1f262caa8831a4ca19168551068577b29c362213c2f
kogda-pridyosh-i,798eda31e3c133f9e485c7c8e3c5de8f9f08b41c046bcbda2ad621327ea13aa6
kogda-sdelany-stavki-tishina,bdc1364a0fac4f7b48f54c551842b37699eeaeab4763b03b71cf89304e269786
kogda-ty-zagnan,3f23ea21c1309b10bcb3d1199e5e40e2e78d3fa1cce612a615fc7f700b54ea99
kogda-ty-zagnan,496323df-6d58-4b9f-8458-a51ec193f209
kogda-uvidish-na,6ba1f45d82343881e73220f5fa3c4228427ea1d5b6e9e19ac0d5c92296bf8dce
kogda-v-tebe,855b588f4d2a8ea99ba83c3eeeb7b4531be9f5f6086f84c45713c30c6d900c70
kogda-verblyud-tvoikh-usilij,717f97ad4116201c90f5d021736ae9a9976aafeed24329f0e512f7248fc859c7
kogda-veter-podnimaet-ugol,5819be6b73eeb68cba1cd0397cc04ae6710213d431ec473805ba80fc23d21b5c
kogda-volnuetsya-zhelteyushchaya,9a679f1e07bb866445c9670bc74f283c4073c4ba597a7424f8ad6a5252af5f93
kogda-vsyo-govorit-o-dushevnoy,badbb9aea34c6d3c1647d8a69ee0388215dc1c48250894a5511fe08b5a8363b0
kogda-zhe-ya-nakonetsto,7d4757b150892499f017e6a84ba46f2653be100a82d98ed8a6dbc70bdf26e99a
kogdato-v-sluchay,b769ac4df4657128b5ea6cb7c26be713b3bfd9c1ee3e069861d884088d0aca22
komu-by-tak-ottrakhat-mozg-chtob,f97841501271f4a50383e85adc0a8b296031f21865dca4130c4cad336c4a74f8
kosmatyy-pizdets-posetil,98de97fc5109edd196527b2af8a3b5cdf511c24b04ca958383fc73ee3f9b36de
kromsaet-chto-to,90bd02e6-34e8-49e2-b0d2-88b642da320f
kto-na-lavochke,8d85697c2d0bcd0f48382934c2c576e38552fe8d8ef7e00660c2042541ec58c9
kto-verit-v,4d2dd68abae6b66f9f147f19f4812050f147bdc62d2730c43f049eca0bb29877
kto-vklyuchaet-v-polden-svet,0502fa669b1928dd49e7e06a3e74a257fc19b15e6f2001c6c2441c410ee8980f
ktoto-tak-uzhe,b7ffcf1189a8115ad154497ea46e2f9fb0b887b7cf5874dec02f87fb5a3916a7
kulichyonnyy-mzdoimec,70ba269c7771924f2b461bfb9a7a79b7cc202f25effa076a53602632cec255aa
lately-ive-been-noticing,b499651192b4bb58c8e07a4e8ea984c07a1aa551cd406552edc0eee2b6522275
leonid-filatov,58c8e2a1082d0b9c195b76e2f06a9bbcfca0563138506898d88153263fdb4872
leonid-filatov-ballada,16dd1b5e092fe71240b792f1badda4d4ab1e9934deb3e2170dff754972c32b98
leonid-filatov-parodiya,8d6d2f1a3b6ea4d7c191108acaea82d285554200c2b4fc7831273b8ff32d5054
les-fleurs-stphane-mallarm,2a155d8dd13382d5cdff826e1e281461fdc606214bda711458b4bbb5cbb97c8e
les-tochno-terem,c1730c0d7b5041028d7c6f5819e0278d14cfb2d3cce6ac39d3de2aa35b82517d
libo-poekhat-umom-a-telom-na-kubok,9d57c5852054a78de10d03d3505a564bdc5c87efb654fec2658347b6d7cf46e9
life-believe-is,142abbf236ffd247ee09a2297961987fe8cb741c4ad66c12aa778b1345e407ac
life-is-too-fast,66733cfe-43c2-404e-b940-1f5e3238d0d4
lishenie-spetsianljnogo,ef0423aa130f6e90901788ddbe2703e28385bc03e6a38d50a52f7347476b09fc
listok-pokrytyy-ryabyu,dd2e9306c8ec7d7a3c2bd9ab712c4daa8c32f3e6210531e94b7e3885b3a37846
lyubaya-ideya,3a74cc4ac04b1d78febe0eda1ddf53152795e7c9e20a07172a02a91390807bb1
lyubov-eto-takoe,8f9a17416b96726dc9205e8eefbef0908f62a38b2ded67629e2b1a9099675941
lyubov-lyubvi-nerovnya,72d51e5bd5734abcc29d4eb41d901e5b7976165d4d0c76f060dbd988a1b9a27b
lyudey-neinteresnyh-v,e5afd7ea1955bfe005efb3ea8316c4f82f4efb02b2a7ca654f69529fb3c67e1f
magazin-tolpa-deshevka,ff020c5a4c07ceba22b029022e1febe527b777cae9e97c3a8cab5d254c1b0632
magazin-tolpa-deshyovka-vdrug,ff020c5a4c07ceba22b029022e1febe527b777cae9e97c3a8cab5d254c1b0632
magazin-zashel-allo,4016320c1d22ff5b43d1d79399396ed9cbef98707d39f3ece35b393ae738870e
mech-sozdal-spravedlivost,4ed376a504a9f7db9977732b2c8eef301909dbfbf23dc6641b115b213a7e87b6
medlenno-i-neuverenno,9fde709adbe556a0eef6987a58f68ec4c5c7a25c2e0b20d551063fd6cf0b5c48
menya-odolevaet-ostroe,0f101beb09ed5f9251760f0cc88f2d708887702b768c98353961bedd43bbde8b
menya-zovut-vadim,97bb8c608392c15de0ef29597f03c6cf3299f0da9df56c775062abfbe6eca2c9
mesyac-zerkalnyy-plyvet,842139047e8350bf62aa12ad828f768c4f683b973ce8a7611a851a3c6763b281
mezhdu-pechalyu-i,8401848b12a88eadc5d25ce95ccbc522823a81c7d76ebd9c4fb351a1f42cd7fa
migaj-kursor-migaj,1360c9d7-81e8-41e4-a0ee-8333a45a88f7
mihail-bulgakov,c7429b8db94b85b2868254e890092d2f1f726fb336107ed53b7b5fe8821edec6
miluj-bozhe,cd11dc872188bc787ca886e4c998234beaa3e9eb4177f2e069db717ff8b9b5dd
milyy-malchik-ty,6aaf6998e22a23811a897155ea6575948cb8745fe379bf54b43f334e02af86ef
mimo-restalishch-kapishch,6847fb4f45d35b87b88687d5bfdea3faa2a58fd8bb04bc7177a1812af5afcb18
mir-uspokoennyy-dushe,f74c459089ecd481f2ffc63f16b2081933f9db8b0cbe2484603be081fda91678
mne-kazhetsya-gde-to,4a56d778e38ea25ae452d2ec0caefbbade42246d290a7b5eeaff7fb2b805b153
mne-kazhetsya-poroyu,3dfe13dd7ef5d0644ef79a84ed2472ce13a7a777078eeb835419e900440836a8
mne-nenavisten-vid-moey-kvartiry,e23edf49a756212f684944921473e4a7384ec79a81ecdbbc1075326b2d44b981
mne-nravitsya-chto,34e5337cef522890a65a3ba810b5eaa153321fc439273585f3d01ceb6c49617a
mne-nravitsya-eto,1ad4a57bfa04eb47a11a72b39492a6ff2033022c1a16ebc5169bcd6db0a40406
mne-skazali-pomenyay-akkord,7016c1891046bc33bd16f1d086ffd3ab12ae81ed1d6221bb058c7de3efd25398
mne-viditsya-bezbrezhnaya,24fa223478955e8520f68168fa737decc23b7a7a1310569f8a1c06596b7c79c2
mne-zhalko-chto,72d1216006e7fd596c157b922cc93d12a7b7854c8aadf9b0b84324ed95ca9ed7
mnenie-francuzskogo-posla,3e1f5b5a83fd3eb81c6573569976861de3c755c4de534b9de37b0708a6f607e2
moim-stikham-napisannym,d863e9ece706304e6844c41e3387dcc36abf32799d16894ab53d2cdf30151cce
moja-babushka-kurit,e0783e44-a952-4de8-89b3-1d33e7d7775e
mol-plesen-i-chat-gpt,ccb189c65c467437fd6ebedc5ebea18be1e6567c2955c3b3ef62303c12707b55
molchi-skryvaysya-i,92f24a7c65568fc1263521c92e8cf1936e80ba06d3450c21c7c0c2e541c371d3
molitsa,a3143f639a1e4cdb655fbd3df12862cc96361336f526f8e6e46aa78af917a6e4
morozhenoe,5d4f4222ebbb04ff65185d81c60c12e10556f48c037e571550d0c1b3edc9b5b8
morskoy-bereg-nebo,38a2969e95b6bd9adfdadec6d48986e10062fb59a1e0c39a208f5e7144e498af
moy-chernyy-karlik,3122f3be47ca131f7a76a15768ccdc7d156e31d575f9bed86feefa219bdc009d
moy-ryzhiy-krasivyy,f8251ce7f8dcd1f9a3116a6cce4469b04b51518172de9d6bcc8b6d2c89e7e12d
moya-lyubov-na,196e0dd641df32c2851027360e329f7f9629375ece612160ce60ffec4395f3a0
moya-mama-menja-ne,1efca622-464f-4c1a-87d8-491d286d5264
muha-sela-na,6e276d164d124117302fe165bf07bf9f7de494311574e40416cf3dea9a7f10ab
my-country-does-funny-things,a5eee97ce9c546fa4ac34b581d67f6a6e9cf5250fb98e12660aac58056123abb
my-ne-umeem,0c492d501bc3547421f262b42e3562da80871c78924f6a19dafc3e14eeb7d0b5
my-pobediteli-voshli,23db29b7ba7cdef2fa6f2258e41aa853ae5c8fdacbc38bd0ddfab581792d5ca2
my-s-toboy,053c20569b46f84aa9cc322509ffef329ca7ef40e75c5ea76dc0670d58c5c0d4
my-skladyvaem-pesni,090b53709e102ccb74822f63aa7d1ba967a8eb5057f40132ccf4bd54a4df2571
my-skladyvaem-pesni,1da2552403555cb913c129ddb077d2394361a3df50080f7bedb095b81bdedeb0
my-skladyvaem-pesni,2e8f848614e61542d4f4d122382042ec195acceeac2b17c7a31f79a01a8de65e
my-soblyudaem-pravila,6c8131352a808021b787bb39197147000a1bb6ac9c4d0be7220dd3791b1c3286
my-ubayukannye-deti,8feab0072f3b3a759e5bda9cbd930df9002062fe10a68cac534b726c7efedaba
my-vse-hodili,f71c19c46b1cb8f06f04990ee8c4d04d91776b349bd5aea2fd3cde5c3ce11869
na-delakh-nechestnykh,405ea27b-fb32-4863-9b80-320aa8cdee8d
na-golubykh-i-zelenykh,fad8de78d2a95b16f91cf3e21e918d75549a179d35a8d3cb7b2dab57142db4fd
na-inoj-lad,e7d47e030b6f8d84ccb8db147070089995cbc1268e41079b71aaba33dc54cc4c
na-mae-brushilis,4c5cc04a91933500f058b81da891943c97e5c6bc00f47dcbb82c2122d9c8ffa1
na-menya-nalozhili-zaklyatie,c892d248e37c78aa2a2fb7abe34afae056e81a1e9b0d55128002a5c702a69d07
na-paveleckoy-radialne,02803fd6cac1a8878ddc6c600da824b3e9cefed34320415fc7bd98adfbffac94
na-vesenney-protalinke,74f5950e27b785644282d8b9bf5c949330034a8a0ab68981c3c6255712594808
na-zakate-begu,55e7f9a10aecda9be90a561a2bc57adce37d4e8bbbccda4070c5c5412f5676be
nad-morem-temnym,5e85ef8de2a2daf064208a0fae445e036300be497622e28ad532dcd2b596d48f
nastoyashchih-lyudey-tak,3d107bc27e9847164ca1bb07520e7db54b2cb33098872f5fd2df6b295a8bb1c2
naumka-rzhavin,b11dd14e0d8cf2b7b29fbd4d8f50dd12c0e39922f09dd2801da872311d3e93b4
ne-blazh-a,37bcd6297994d9f17a54c46d1607511e8c557606f1ae5ea713f0bb7c166a2bfe
ne-dozhd-almaznyy,070a6bbce1cf027cd625789e05be42b0f81434923202b1dd77bf7f6cbef05018
ne-nado-mne-tverdit,66dd6ece776ba8158797f403d89df80189baca6f3f2ec3af48b353db40a8acc0
ne-nado-prikhodit,11ece8cf2b4e45631d5cf38ff5e480af09de0a97b914e01eacfdfe1ea42a19d1
ne-s-temi,2ea4feb6ae719a780b82c42d59ccd252ebd67101828f58faffa022e3d10005c4
ne-ustanu-ne-prekrashchu,06d696c68b4f784a2c06360a66eca384dd2a6feb0477eea7c19b3ae46fafcb32
ne-ustanu-ne-prekrashchu,2e17ddf9b5fa926c5de2422ec47a9ea4d36eb97e996afc306533960ffbc79264
ne-ustanu-ne-prekrashchu,31ab6548714c25909bc706154069e5160f4d1c38f4ab27644985a1a6dab486c8
ne-veryu-ya,4452664a8ee8b90b6e7bb72c542405f73f247c2a310b158ec1eaf8b2d1a9535d
ne-vyhodi-iz,843b572d2f6141cc9300c89d6b35daa17529d13fe3192442c6302534c4784f5f
nedvizhnyy-vecher-s,0de0a80953f134348ae3c42da70113241e6f4a43afc00cce3d1f6756ea667a30
neoromanticheskaya-skazka,5edf95d8440922d9fbbe82d00d3b5655cf32cf378d9c186e4d377e7d0bcc33bf
neozhidannyy-blagodatnyy-dozhd,a8acfeacb35b7a9f5f880ce82e987199f228065572938f9c9417b40cc7c900ff
net-i-ne,b8b6530bffee2a13280e518a752970f5e4f875f6330b80ba3200918e858e35f5
net-v-zhizni,7180033dbfa25982678ab639ca3b4a32970de27840527a7fcdc47bb161236a33
net-ya-ne,95d1f5b3a60c909291704df5f17314944a9df7bb09aaacc505f6912705f3f76c
net-ya-ne-trebuyu,e4f9fbb5aba696043dc3c789c373ff79d285e4ec270300cd606460aa83562d04
never-been-molested-and-im,0837c0d6ac8344358fbb5709aae20a7680a38153aa51b5102bd5575e53c41868
nizkiy-dom-s,e780f40966b7a2f1644550088b322c350830c4d47fb7c11bd7e66230fd2272a7
no-im-not-yours,a4a99f15-cd45-4864-a8ee-4fbf6c15c5bb
noch,799ea984d79a287bfa2316101bfa2e3229bf385e12fb324151c9135af8ae38ee
noch-ulica-fonar,1291d4b2758c4c4e2a8a13657fbf7b031228d5bbb30f3344b2efdf5765ab3fc5
nu-dogadka,dd2802662aed14d0a4afe0ca713b4c535da5e3ca12413de1367b3253cefa4980
nu-horosho-dopustim,d3514c301139d7b99d02ddaba65ce57b16b391e8b474e8dc8735dedda12b8984
nuzhdayusj-ya-vo-flirte,a94fb334-6465-4a18-abd2-72b92c63e4db
o-nelegkoj-detskoj-dole,1acbf155-6c6c-4390-a3d0-9dc400b999e9
ochisti-sneg-stranu,5368900483a9a9d9a877b3b641fa0aa34ea85db5ff8e0501ed0a617bbea24bb5
odin-v-polyah,b7cd00286cb8de65ec14cdeb0988bd5a12ca179566798bdb79adedfaecdc1e36
odnazhdy-chelovek-prihodit,8d9b6501060a271b92cc1b2c2f5c5a9d599ac2ad0d98f79cff4e81c3ad21257f
oh-my-aged,da6a69f1bf0cb2d7ec33daf477762e840fe67d42f0f0d3a5d35b6639ddae729b
okruzhaem-zverya,613202f21684f97d83d3c72b21abebada9ec51f0449401241f5c2ea989098a71
on-ne-solgal,482817449fe86cce812c06a142ad0d6d2c4a8d7b06d5f328e5e45bce4a7d0a8e
on-padaet-v-liftovoy-shakhte,cb86c053de70ef00fc7ebad96ff53d0741f45ee21df21c8a2fec75da82be1740
on-sadilsya-na-avtobus,a09ca15e22d48952205d67b1ab37fe9af6c80f1a8446db3bccb8dc41bfde1781
on-vykhodil-iz-sebya,ecb9f40bda4dbbc88d206b5b169242d7a26b2ee06a7a3b855ecdd0fdb887d0e1
ona-kupila-sebe-shapochku-s-shalyu,0a5b5c0605fa7b55f82fde136d0d1bc79c4eb8ee58a8ca7d3bc7c9540b24e7a8
oni-golodali,b793db5462fe7a1960e1e89022452b6836f02ec2f10e877547e9455e290b9be8
oslu-obrazovanie-dali,ca02bdec56314087a229a80f7838bf76446885be8e5a4eacaa8bba0b2abf82f7
ot-blednogo-listka,0578058470cd5135cd34c8705bd35ef50dca2becff55898c36c74f65773dbed5
otodvinul-ya-krovatj,efb84f0b-b691-46d5-8e7c-9a332c271e0e
otoshla-zima-prishla-vo-dvor,ae2c4dc046506bd949ebf8088152a9762643d08516881c28f697920b3a25588a
parikaz-loshadyam,bc44c80147ffd1c79c31e031c304a9f67ec551a9bc2ba342046a50e02b99fa95
pechalnaya-svecha-trepeshchet,6db7d4b34b78d50fd5d02335b3fadc5dc82b2c62d5fc2a7ed2a9e82f06d33ab7
pechechka-zalepetala-chto,bc0f019581252d6d8368a26de93b2781d598a0a6669d2f32ffc6e198c8e31fc7
piano-dungeon,fc0136a541eee2997e9fd6dcb59636d3106d52f7f1f7a8a46b31338c1d7bf270
piano20251205,2dba6f926bd6dc284c92685d1a47a4eccab6921e9ae589444c98dd7c8d328701
pisatel-esli-tolko,94d0d50b0714b963f1a24f5d42bbed858af0658f4335a947ad39016259e47143
plyvja-zadykhaemsja,bb51e111-45b0-430e-86e6-5d41bcbacc4d
plyvya-zadyhaemsya,41ff0459a6a55beea36c068e14d4d4c97abf83cedb0144a2e4326d9da789e43b
po-naberezhnoy-nochyu,5b796e8912ef1d8125664aa4212acb4a16aa543e92bf82ba296e6d2778b95d3a
pochemu-ty-plachesh,ebaee1a75b588ceebce1459257914f5ef4fbc092081463c11ce97170531b9eb0
poka-pod-snegom,a3066b9d758696499880bab46c0a33d28c2fc69d124316389732766c1fc2aef6
polnochnyh-solnc-k,227b9ca7db2fb6e4e6a3bc5b774a0d9fe3a1ba55d2bd1f0267b0e2143868c744
polverlen-nochnoy-peyzazh,863eddfdaf014d0b3c79c9d372d4a9df69b7e1e07e863a954280bb69a83c2327
polyubi-etu-vechnost,959ee9920c61daac0d9b07358d7f66c4ef4d37e86ff76a0c2f28b57839668a17
pomeshchiku-odnazhdy-v,b04a8a617be23d08bb98bf554d996ec8ea64afc8efbc8654282e77bd3648ffec
pomnyu-byli-dni-ya-zasypal,70f9bccfa7a0204a58ab4e3de131ec4a00f297e5b0ed76871f5e0c57a1e87600
pomnyu-pomnyu-dyadyu,dc8c33a3a6dcded107b083bb7f8c68fafde3883d05dce00c7ac63de1e2a39fdf
ponachalu-v-samyh,62b0c7f389421813183acfef6b61eb8e2e2de85a51a43387282c924fc3c3d1ff
posetish-li-ty,ccb76641-0abd-4b83-ad83-e663c20d33ce
posle-poseshcheniya-zooparka,e7673eda7090973ac163ab7c8dc14c065fed6285223ac373184d0612d236547f
poslednee-vysvistyvaete,0a6ea3f844a9fe47b6b0a6c03d89b208dbd40951833d5475e8e8a2ebeef89fbf
potoki-reka,15d0c9e2c8470eb4c89c7a00076c8cb435b6e06be0480030de62cf057bd4ac21
pover-chto-zhizn,fc18ca0ba02d969252198acd03165fb8bfec48e8a98fd5ef96f3a54139cda473
prazdnik-urozhaya,1307eb881a1e7310b64ef6e9547e3d4a205422f8bd8f19d1369a9536f503f8f1
pred-derevom-ya,6d3004835571ce62d0d48c480bec12f958ec26c1a2c2aa1b8362261e9bf2b782
prekrasen-mir-ne,3f3b557f181a640caf5c2d1e973512ecdccee981795276bd74d0b091c756eddd
prekrasnyy-hlor-filicin,8ec6b7f37b2310769753a16c445bd7f0e52783c2c5006910c50cbf1e580a9a7a
pridut-nezametnye-belye,6654b08eede515d9bd30673d66830f4f3967990cfbe817e40ed853febd99858b
prishla-stoit-ey,259e9578f00f68feb68216ab3c26e1973a8847a98c022783ad19ac9891545c2a
pristayu-k-tvoemu-portu,29ca8e6e3f97072fcde8cc8d8d3a03791dd41249028b9b7fb8eafa8f4905adee
privyknuv-ko-vsem,51ed69d189f7603a1b695cee59859e5ab69ca9d1231e7346545346e264638681
prizadumalsya-vecher-rumyanyy,40efdc7f3f9c8c94e66237464158c06be5438eb21ed63ea387bdb9c10354bbbd
probuyu-rassypatj-mir,b6365720-5e60-4369-9c81-03e30bd083f6
proklyate-veka-eto-speshka,df03d697d4d65a18baa053ea5bc60751a399253fe1752582c1eebd4de3d995b6
proklyatie-veka-eto,df03d697d4d65a18baa053ea5bc60751a399253fe1752582c1eebd4de3d995b6
prostite-prostite-prostite,2aa86537f5340d6ff2ab33438d0f7b56ab98de7861336cf65aed99ab65e72368
ptica-chyornaya-zdes,5b5703732a907456de8364aa80d482ef773d50912e2a594910083bf86ebc9d74
puskay-pogasnet-svet,0e1ce372cd8e876eb0b8b72fb0eb35c99d13273938eece40e603416f9a9198eb
pust-razryaditsya-telefon,1cfd0080c39d22f77a08263c4457538fdb6b5bff9e9b455112b4fbd92923f0e3
pusty-slova-moi-glaza-i-moy,f8e98e12b651f21dfb85743b3e25d581b0cf26ab43f3d4b7e21dd673025facf7
pyat-let-plechiko,cec74feaabc5c72ae3e29de8255440b5a0b5f40dde282fc8c40fc9aeca39da48
raskalena-kak-smol,fc56ef1528a32efa0ccebfb79a84b3a794a9e850b08cecdab9ff4ee29ac09013
raz-uslyshal-bednyy,067d8de3b102bf44967794fee42d1b912c029ed1dcfaab1584775042ba4bed3f
reka-vremen-v,303ab530954f4fd4a7424de19cba1f4641524d07468694d2a299f13e72650c1f
riches-i-hold,e4c4c0664d09b28b696addc7a777387aca679ee4ca3e103c9f83ed95dcab9691
rosu-vishnevuyu-mecha,3fc52e31db9e30be96ee299e1ed83159a095dafe7660e0fa2046e5f2dce6a257
s-glubokoyu-dumoy,74db3a96c6b60db4f1ee9eb834f022bf898f48b6c72d35366a8bf74ca32eb162
s-gnezd-zamahali,56945f51c259e4fde1847903bc3c6ae41bbce280cb94f8a5bab976daf9b9615a
samo-upalo-yabloko,edb941d7b10148e5e27aff12278a8c51a3448183dd481391c550c7b8b39c2c17
satoshi-nakamoto-ne-znaet,0c37f9c1-b67a-4843-8dfa-f5289a3c557c
sbylas-beda-prorocheskih,9b7a73901235b84359c1968440a51b4e58028a47a434474d24a13f1f48a350b5
segodnya-133-goda,e12ae320a6d5bea5a4653972cf22df8016139e59b4b0c895e91f4af4507eace6
segodnya-mne-nayavu-prisnilos,9aef327584ea4ecda9cf14885a51c45a91da693667c7c87694a9f39e492d83a6
segodnya-v-utrennyuyu,0084ff6d1a2e9e02b8eef901e3643ffa9dfe63fdb2a35d08d7ffd56c42567804
sela-koshka-na,d10b2e91dfd83ba8ae2ae9336f5fd540152c8a58333b9c596368eb46235d5424
seryozha-uchit-uroki,380e9d71c18a1312123abf16e14ed35a23959a69f11413ea40c72ecc42bcf87c
seyatel-vyshel-s,9c8716c091f08ac3130620b9356819e9250acb5dfead949b93ed49a2820c2f57
shireshire-kruzhas-v,4a71a51d200b2b9cc374ba813b42845d4fe8174205bab12f7f6ef41aeee208a9
sizhu-ya-kakto,222e061b091d507c838fcad854f86b43edc0d1478a26128dbaaf2ee6cc0f6926
skazat-chto-ty,fab6131841a6d7b250cc371680bcf5db16c0071e462ad8dbf3c8a6843ae9d1dd
skazhi-ty-pomnish,4f88f351ca755ebd7b6a23ae9bcce4976bfc55d2d1c28b839fc0652e43b35547
slovom-zhivym-sochetannye,d0bbfd257826369ed11e68475a0429e477085286b4f121601cd4a4174c6c08f7
slyshu-gul-vyzvyvaniya,90be87595d7d993f46411e5902f686402574792851293c85ee6a7f691acc1083
snova-noch-i,2790b0ddb14da9823f16b9d0d30fbf7b6c0513506fa82818b0e2a545d5833e1a
so-many-years-ago-my,fb187d51-8c4e-403f-b1a3-e5aa49d0b7fd
soglasno-tekstam-ya-obitayu,81ce3a71af70e537064a6e94eb3d28fe2e0262bcd54cc434bc8ee4cf3138daa3
spat-spat-spat-spat,f8f501147fac2a446f9854582211767106e365f837ee07fe48e9f1c26d62ac6f
spat-spat-spat-spat-muchitelno-i,58b9e988c31fabdfca14d7756f0929bacee0cac599b06afcb807fee34b5370f3
sprosili-kakto-satanu,3c6ce9aaab8641c7f2540c3b910413b3e1dc81a82c301c2490a9286a6bea8d36
sredi-bela-dnya,447bbe6f5bdd28ea6dfe2c48f4ca036f593c90c85bd050726acbee09a2381245
sredi-zvezd-pust,1d4705c476c4c8d08ff9954698ea89d8c543eed31c1c2fe7ec314b51f78b5b9e
sredniy-uroven,2ffc6768060435ec6b994ad588f88716a617f24086743116b470836fb75f29a7
stariki-upravlyayut-mirom,63cdebc16f681383466377d77436c8097da6fcdfbe7519db4adbca53d9295433
starushka-poshla-prodavat,53fb1bfec59dd0b6c9e611284df2fd2ba08e9421ddf6b8b87ff6448a57b5d02a
sumev-otgoroditsya-ot,34522cb9ad4d417f3788a554fac9675ad58263f047b7cd6725fddde3ee4ebe68
sverchok-u-muzhika,9143643b17271abc950beed2e4db434727d9bbdf1c06af7572a3ffed6674a109
svoboda-estj-vybora-net,776d4288-4e61-49ae-84ec-f41c61f61df9
svyatoy-georgiy-ubiv,4c610c4f6130c793271c844e615d19e10a88ff4b5b3c21ba0d0af376f81fbb54
syadem-zdes-u,690c5ebb1f7391fe4f3878c57d1dfc6e38940ab7d6c231c0e41537e9b56c1fc2
syn-goroda-raspadayuschegosya,7356bcf7-d16d-4789-b1a8-7898af70305d
syostry-tyazhest-i,a54b1c75b63e7b5ded5b8c4acf18cb15fbbabddc59ac3bec1fa3cc3a8bbe9a83
tak-chto-ne-sovetuyte-mne-dumat,74cfd12838041a7e00858e26501e7e50d59262d5e3ef49ad99eeb6209b445809
tak-sochinilas-mnoy,93ccd2fb4093be80fca138166088729f10d84c7eb5062f4f570e48115cba7f84
tam-gde-gorod-i-hram,cf803aa7accb8bc2e002dd1d3b44bd83d408ee7a4bac767e3bfca944fd47478a
tam-gde-gorod-ludishek,338f47b7bcbc4370fe124ee7d6640e69070efe7096568cb313964046c5feec63
tam-tebya-vidyat,2cb6e18c580eff3aee36f42b65d21cf4ac64d0b657c1e03b0733c69bfdd831ac
tarakan-kak-v,78a0c9ca9db21df45ed006817031a40f6e6c757bb52ba9a9929fc36cc0df3ad6
the-sun-was-coming-down-in-the-city,40cedb9ab9fee46c59ce79d540f382c5c18527fe210c16def579b86fab1a8be9
this-is-a,4cc9efb021b8e1a46a2e6f3d347a2bdf47b5d534a3382e28d7dd226c6385820e
time-is-eating-days-like,69dfb973e8441248498ea06598ce0935e3c8e175111461626175dfd0ca336710
time-is-eating-days-like,f099ea56-0d5d-464a-a185-cedc7f92a382
tjazhelo-zhitj,597272be-4e0b-414c-88a5-ecbedf470105
to-express-my-happy-mood,9020d0ab-609c-4ac8-94c4-36cc42e2a3c1
to-povest-minovavshih,db24ec21701db8f7b0e7acd1ec2584ef315cbc41a0e12ceecb461a51c0ff4dc6
to-svet-mne-temnoty-miley-to-tma,2c1a7ff95fac232766686016a4a657258949a051446fcf037a70ff6ac7d50810
tomu-kto-zhivet,a9ec623cbfa631a58512a6af929846f29a53a2796453cbdc98bf34f43ba739c0
tresk-vetok-i-shorokh,60740a87-273b-4183-94af-47ec99e86596
turning-and-turning,98c8c3c572c71b85f0a83eaa15406e4c4f3fa38ae39d085dcba08c4831935927
tvorchestvo-ten-nesozdannyh,07c9423e60d0492763e85fd5c8f5c1fedac12c5855760bbcfdf32aaa05c61258
twas-breathing-and,47dec9b10a6829e0c5e91d204c3a078203a7e4f77bc056e1953d7fc2d8254734
ty-odna,a58a20a238fcd7b7d722e06a9c9a8f6c88a3dd099652357899970b0de5168479
ty-pomnish-v,c317d737dedff073e802fe23bd907f48d2fb52568d685334b281dc1ac31b6465
ty-sidish-ty-sidish-ty,15ce06544ec8ec03c2f4d7e358b96834ca7aee3869f473c0d8c2d320ba8535b7
ty-tozhe-rodilsya,ca4418eecf7a088a9d6ee415c2490a8980efe8ad86302e98db56fba1b87a47e6
ty-v-strasti,bde18da33de41919f408f0cae3e12070baac48e42297dc38e9c6095ee2ee9465
ty-ved-vidish,00dd0337276ebf3440d3dda1c017f5470755f557503704bc2c6e3cc024b71cda
ty-znay-ustya-reki-zapolnit,a45cf69479bc62c395b3973bc5497d2e9794788414880ec96411d38108ecfcce
tyatka-i-von,4fb5c2062f9e988ee24b52c3fde4baaf1cf4fedeb022cfd9939328804c6f2272
u-kazhdogo-svoya,ccfa8ccc18332c596d352e03a7cfb7e7e9dc3a82dfaf181c4cf5406c15f5a630
u-nas-govoryat,5d956a8c85e4315fecd7770e35e3941c9eb2bb7d69ffc9e2acad861c34a1bfce
u-purpurnoy-kolybeli,280fa5195291de20abb7fbefb807c2f4a5b23f541ef295d2aefc05d2f82623cf
ustayot-li-zloy-tsar,cabdae7408a6535c2baea0ac06ec92764da7daecbda0586699ca43b8650b43ac
utro-voshodit-den,74940421533024f4c573a29dbd3ebe8b35e377802b1007121798a2db013a8bf6
uz-skoljko-ih-upalo,e9128dfba60377f34dce183e5dc0060a11c0b23e01625c20f9cf06c203c8512d
uzhe-vtoroy-dolzhno,18268c12f980d253ba89ef65db941e119456cb9e56a0588649a67d3d6f2d9b24
uznal-by-ya,8789bc592b73714ce968a33dc3db027e1af86f2f87204c8f94c1b36bfed67133
v-gorkah-znal,adca9961aab54607f28f0a98a6e18bbe683f7921574962e6fa73ad3821742048
v-gorod-pereselilis-ezhi,3a6a91ab71ee5b57fcd95cbf585adf42906428c047df5ba281bd1f19fe2b640c
v-kakieto-novye,e56cf98ffa98fc683d2fe97b77014c25f80d8972d78c6cec8d7561bcd5bf7036
v-kvartire-chtoto,a632e2ed06300b0dbc0089c43262d23375a5451cba702d9ed598bf45b788ab47
v-mig-kogda-pogibaet-mir,0a26874f22ca823e9a64b3133e435e73ea80cd886afd3c4a8e5a2c958f10ce6e
v-mire-net,f870ca11194de9fd493430290c38541524bbc3080b52b7eb8358a7fd0efa62b8
v-mire-shirokom,9f9d4b9c7e92424c9999afcb68dfb3f697afa7a2a3690a2e433b13ee8c796a66
v-nenaste-vyshli,b9bf0673b35156ee295c51e0616bc29ba79546ecad0c0c48f6eb543dcae507ca
v-odnom-sele,0f03b12e6f9799dff83fb0d0b720ff017d09572561edc884d22e333fe5e57c41
v-odnoy-znakomoy,7b00fd14805fe4118f0d77646f172c1013f207f4762a2e1c68bbcb2abf41fa59
v-poslednee-vremya-sluchaetsya-chuvstvovat,74cb08cbdbeebd6ef594e6542ee0ce02054cfbc58b2842b385a1bbcf93743173
v-pustyne-chahloy,d624f250d16a752766c7c8ddf2cbc1f88ccde0927dea00c95cd77044293d0adc
v-pyatnadcat-let,c8b6ef4db0b749cd8d14be0fc6c5565852f603c2ddfb7e2e0e16ee16a439f83f
v-shirokih-shlyapah,4d405f825e71c299b7de99f0c36c990df425e2ad8eae1054e8c1076739968915
v-te-dni,c9e2fc48a10c4993ede7de80021083501b016c7b6c5c87eed4dcbc6403c7228c
v-tot-vecher,74a33bd8dd8c5fb6cad3055a779b12e4be771f12ba1e8ddff6584ad96334af88
v-tumane-oblachnyh,de5657fdd90d1bb94e7a8ed4ee7f8a2202d7d9a06f762cc21caf440c8cb09baa
v-yaponii-chital,b6bbd2ce805ccff5e71aec9163c5d04934fef6d127e96cf7485783b12efc0e17
v-zhilishchah-nashih,8523be78f0c527fb6d1043326cb9692263628cb21d5351f0bcd23c495e2f1868
vakhtery-mira-i-truda,071d8ece-a848-41ca-985d-d5d9960aabd2
valentin-gaft-babochka,c4e40a766e176767f43df853851e3dae84110ffb1a359363f677e39fa70db708
varkalos-hlevki-i,c59eb373d54ea1981d95d9edcc2310cda2b937691c2e6016577a6b7f5ca2bdaa
vas-lyublyu-hot,5dd2c885f19a2303631d01bd4ab66f4a84bb3ab141c2973f9ea19eb508d4e2a7
vecher-opustis-blistayushchiy,4b61846baac6c3f7ca3ff26cd5bb01939f6bdba32d956bcd0db3e91378ecb06f
velikodushie-smyagchaet-serdca,97e117f6a84d765dd2ba9b5940bed55a81a5b059d3f7e37ca15ced7348d82c31
vesele-vkrug-nas,e146ff52d67f6ac052a7521b7c0f7250b4423ada9ba4743fc077c3b5703340a6
vesna-dushi-belymsinim,1abb15854a764d3e1432db6df9e8a7b84d9036efc9d87036e7775ecc503b2e85
vizavi-s-moim,f5e528e5b19d3f6c1ad337159ed6980373bc7a51409a84a60efe0c022b6e323e
vladenie-nashe-carstvenno,76ffde3e17d3220f4e12c16b8ef2e28a76f39b9bb082dee826e22c0d356e0c38
voet-veter-v,3940d5cdf8e4e9c7547ed14d7260986fb96d84f6f01422d5d042fa6c7aeac504
voice20250524,7862ebb09c6e9ac1ee9be03377cca2ddf5e6ee4816864ebc034ded83f1824e2c
volhvy-zabudut-adres,01e873fbbd79bb19abdb31e01fe924ac0c90f4472174d4119eb78244b85516cb
vot-eto-horoshaya,55083dc49995ed721add05a4b4861d6ce1bc45380c851a45f7166693f1ecc6da
vot-ne-takoy,b32d1e0f1050a23d39447441150f33ac39e4dce54d129564ce3ececdb5973276
vot-sidit-pred,0b55d23b9deade5ed5ca31be3e0d9aeee23fbddd76da4df25b44e9a43a71bd78
vot-uzh-seychas,f3df5f9ad361099fd73e2274340018cf352d49353cf62ecbe75e9f80c6633e74
vse-idet-po-planu,f8df0b7f064b8ae27783f098fdb642f6493273e9c73d01c5de68cefca3490c0b
vse-nevinno-v,17961490147849c5d00bf352dbd5c30cafeb680986b73559c8ca2731e63a4d7a
vse-videli-ego-v-lico,5a6bc89b8fe4795e44b4678a8bf8474172785061c41a6bf24caabaf52c55550c
vse-ya-moe,6825ac714d24bd5dc1862a40d58d676659a83e98198a981ca0a8e0365ad77f8b
vstretilsja-mne,7eb97c75-020d-4677-bbfc-1f5b12786adf
vsyo-ispolnyaetsya,8dbc561ef95c0eb5d218a1c81439c4e6602b3d3cce67d2c05ff9016a8f4b268a
vsyo-mirozdanie-zazhato,debf51fb7f26944d06714c05f2601fa8dd17a7bb242bbe9dead08c5ec94a09df
vsyu-noch-segodnya,a207ad878d2bd41dfec6acb1e5a57669a21a5ce934d7e0e7315637d7150c7f55
vy-pomnite-vse,e31270c94a30fe3387454c9eb37ddb47dc996f4ca4c8d6c57833f568045cb31c
vy-stol-zabyvchivy,3952d6d4d58e134e235d9235ff216657d91c781578ee90b68c031f96617afa1c
vyydi-na-krovlyu,f37a2a4f9cb3be52362ac231b428508db6b9e8d5589496a04c8d1b4a09e259d1
vzglyanut-v-lico,eace5605666245636de5ad119effdf6f2350c435d6d7ccfd726ae793d96510c1
vzlomayutsya-volny-kak,ebfd64ca5786d3d64fd6f0eb0e535f281c0c7ec97b1f375f170193c6ce2937a8
wanwei,171736ae26f42ec48f32c13f7e1b838b362b25b8750a1f7dbd8550f34bc74960
we-watch-contentious-lawyers,d1535c54d678f2d13d6ee6a55738ea80ec7352ba3fc2f0484d12e98d4d2a70e4
when-stuff-is-missing-from-your,d9a397cf62ba095111bd782baeedff6b94c280d68b36197de277ca0af1c71502
where-the-sidewalk-ends,add311af750fbfd16e60b4cf3b013674fae35f1f9d582e068cc80b329d1bee93
why-do-i-feel-so,60c4657590e7c98fe4a6d6cd7e9131977f467dbcaa25ba775b06b8a41ba6e5c3
xixun,afcf34cafb74231f96ec06ca3c5dccd9ac10613fc8c174107f527ab4739faa9f
ya-bilyardnyj-shar,bb052ee9-c809-43c4-8471-2f07d5e18be9
ya-by-umer,dc45919f1045ae11b4fa0f23fd7d8d6ac0b1380772cf5a59d237b6066fd2d6d1
ya-chtoto-delayu-ne-tak-a-chto,dadb9e4ed5281033d91a91735a6c4c727cc8882d7674d0b1a3b5bac15f22b6e7
ya-dumal-dolgo,d17c5f39cdc6e994295d7feb9ec42b65cfb1a6c791decdb64769303347386778
ya-goloden,9ad56c47000db889f852e96b07f0de06a132da2a1b961550da370796ec738772
ya-hozhu-shirokim,94fcc417b617a5d60c4b3ef4f491c1942b391f04509cfeda962184fdb67bd34b
ya-idu-po-ognyu,583ab36834d63b4302a24cdfb3fa84dc6dcc75abfcac72bb29c2bd715ec5129e
ya-ispytal-prevratnosti,25d1ce6ea01733c267f0b59f89c3c137ffc844031b3ccd15755fd3107e5f7060
ya-ne-ishchu,640061b46c088cce1b52a46b9d578c1837b72c75a98b9b1b8b107924771e1f3e
ya-ne-lyublyu,db340aa8fc6b06095a2cb6d711eb3a09e10dcc6ae3c35d70c01acce6c835b907
ya-ne-pytayus-oshibitsya-vnov,923a3b0e89ca9499bf3b2c926c2f4ac0cf8980cb0cd6d30e5d2d358480497466
ya-ne-v-sebe,9ccc00233a38cc0242af5bfa5b1f546466071208ee90e554ac36d0fb25441ac1
ya-ne-vizhu-detey,e3073cf4a9a0dabe2abdfffcbaa4c0b3c467a4ba13df448d74003aab85add454
ya-ne-znal,4b7d40cb846ced1ca9615e8593e12987bbf1c432e0b22826fa614c7370644bee
ya-nediagnostirovannyj,0c7b5e902bfeb1f08a6b3be4bd32a4019df3c647468b15ffe8e2dda5754701b6
ya-nenavizhu-vse-chto-vizhu,504ddf2b5d87ac90c688ed832ec9205ab1c93129b33896adf1f547d48a74913a
ya-nishchaya-padal,419bc5762789ef067f609b18817fe6808f4ac74032fb7e687a254aac0ede791e
ya-odinok,621ef3a4-d74d-472a-9e11-e0465300e147
ya-perezhil-svoi,d7814e118a601f9777ef1d3b634a86278e8350ddddae93e92326565cacf3f119
ya-pomnju-vremja,2c52d7f0922499e120245efd2e7fd8544911b08be4aef7a8264fef2469f40ed6
ya-raznyy-ya,0c5100ccd1d93ed026164ac852ef91830345ced01a6e702f50aa930a2a0277ab
ya-sizhu-v-dorogom-palto,30b4f0ec9495fb9f8ef4c4b8729059f92b64c1cabdac22b3ba20063aa34b7d63
ya-slishkom-mnogo-videl,9125d675a5b459f105d59ba1cd208cef560ba4264313261ecd0f576a56f3a05f
ya-snova,93e23ed6394b0a0e56002521955794d6d8adbf66504b7a4b68dec6584aa88166
ya-utonul,5350ca8ebd470c0048abe473ced61d4609f40291b2755d3d112203fdafc93f76
ya-v-koridore,5b68f0e7f622fea87d89bf672ac061fc206b0108c81ce79b42f5503e14c0eeef
ya-vas-lyubil,ef83f2cfcee076db39a02d723404f155ff28d6dc824881261f184c2a332d47c4
ya-vchera-sel-yabloko,783660be082138112c2cb6bb1c3fd5659a73509d1cfa92decee837e121056569
ya-verno-bolen,20d4a0b74ab2c6865c07713dd73da580cb6be7e72550a4a719564387ac7f3211
ya-vidal-inogda,bad321c68a7166971c930a5709ccaba3b2a947bb9b2a0fe226942bef7cbd16cd
ya-videl-ozero,9acc0895c06885ee4e47a30e232caff66bbde092e455a4d862a4273c84f62d9b
ya-vse-sdelal-kak-hotel,a00ca33809205388b066f2ce9fb99bdf794fdc439f7c2d7a003407887c7bbc41
ya-vse-vremya,b00efdf916fe9ea24ddadb56e4208f4becc10b610bf9b3d8953919d7a6aac00d
ya-vstal-odnazhdy,5070e0441eebf1108a68b02301189bc3ad919e5b8f9415018874b1ada033ce7b
ya-vsyu-zhizn,259359696b9db2bf7f6c810923bef6bed9c3486651961db33fecbc460505c665
ya-zamknus-i-menya-ne,286f8e36ee728310d924244c155ca0458a8ba2ffff416c674c587f4c7d8f5dcd
ya-zamknus-i-menya-ne-naydyote,f8b0ecc94124deb5da7e6de4ee254f2695f68e4cde3b7cbc15e940f9ab0638e8
ya-znayu-pravdu,3eea8d8cde306c2ff98c3e450a6f30b517c1637b2780c0658028ca2d8c4eb6a2
ya-znayu-yamby,251576493ef40e28390d595862c2e1104c17a589f6a886f6eb66d5f81ec3b260
yeah,08ce0de5f893e93fe98a9120057b960cb391d99901a5f90ce75cde237d4c039f
you-struggling-in-real-life,a2b7b0bdffabf4e56163a6a5da398803739f83be421f3846b986050c4f4e35aa
yunosha-blednyy-so,54df21baa5df8ea057f69239207b0e8857ae5488a45c916f8f61fd2f77b0a2ed
yurist-poteryal-avtoritet,8586d6624eb8e0d42f0abc64396c62f8357b9e51c9f30f026c6359f046fdc4b3
za-gremuchuyu-doblest,391d00fcba28f40eecf3e027afe760b675e10db87cc0fb54343f103879202973
zasyplet-sneg-dorogi,08ea23e3cc64fac2e47a2360c5a1fddcd488afc52b0a39c3be54981b3273aa9a
zerkalo,dcddde0dee639174e744fd300704a835569bf917c428fe20c8eedb998e8c3fae
zheleznaya-doroga,06c8bd75db1f5627a6617dc89694a5ce0e6ffd9927534be4c4681a3cab7cce35
zhelezobetonnye-giri-doma,2eb4b0adee2004b233973e7af134fe9f1d489cb7393ffeafc58010444105925c
zmeinye-sny-shmelinye-dni,00a5f8910bbfd0367f4ea663e01cb173d7581c25169cd6453f8c617a1a64965e
zvezdy-ostanutsa-zdesj,e94aeba013468b41b44d4d385c64d640aea7f8889feb849fbe944193a338138c
zvezdy-sineyut-derevya,9400340f7abf2c6f26893bff77be67d129c39bec7c17d8fe38b66c0c0abec481
zvony-zvony-perezvony,e57bc24c63a38aca1457b0075768be90e69e115a2ce87bb952b9e93a02933efd
dictatum-soul,3c4d47c139a09444166d4387ffc0b910ff38b6f98db595f58fd4c4017481dff7
who-we-are-nl,97720381-25cb-43d9-b951-d22b59e8dee8
nasim-xp-nodejs,c2963798-0dbd-429d-ba24-f595ddaac5c2
nasim-xp-react,832d7077-7b5b-4ca8-b5a9-1d06ccc872df
enkhe-change-of,e6830f84-bc1c-41db-a878-70d9cf0832f7
enkhe-change-of,d123c846-dccd-46cf-96fd-921ff5c29a9c
vinona-love-story,24a874a2-b1d4-4deb-8421-bce7fc915e72
vinona-love-story,7719a16d-3247-41d8-afd4-9740292861ee
kzleks-how-to-make,35ca1210-eaff-4447-83d3-4f12e46483da
plato,f72362ac-dc74-4419-ac5c-5870b6d9e05c
